<?xml version="1.0" encoding="UTF-8"?>
<osm version="0.6" generator="openstreetmap-cgimap 2.1.0 (2942776 spike-08.openstreetmap.org)" copyright="OpenStreetMap and contributors" attribution="http://www.openstreetmap.org/copyright" license="http://opendatacommons.org/licenses/odbl/1-0/">
 <bounds minlat="12.9675280" minlon="79.1542300" maxlat="12.9707070" maxlon="79.1599700"/>
 <node id="728330706" visible="true" version="5" changeset="186238659" timestamp="2026-07-23T14:35:40Z" user="TheLNL" uid="21256080" lat="12.9710078" lon="79.1587415"/>
 <node id="728330707" visible="true" version="3" changeset="57298676" timestamp="2018-03-18T18:59:25Z" user="adivik2000" uid="250196" lat="12.9703122" lon="79.1586912"/>
 <node id="728330708" visible="true" version="5" changeset="186211486" timestamp="2026-07-23T03:56:34Z" user="TheLNL" uid="21256080" lat="12.9697269" lon="79.1586970"/>
 <node id="1034973038" visible="true" version="2" changeset="184197941" timestamp="2026-06-16T19:45:33Z" user="TheLNL" uid="21256080" lat="12.9687649" lon="79.1574642"/>
 <node id="1034973039" visible="true" version="2" changeset="184197941" timestamp="2026-06-16T19:45:33Z" user="TheLNL" uid="21256080" lat="12.9686832" lon="79.1575091"/>
 <node id="1034973040" visible="true" version="4" changeset="187420742" timestamp="2026-08-14T04:13:11Z" user="TheLNL" uid="21256080" lat="12.9687915" lon="79.1565481"/>
 <node id="1034973048" visible="true" version="2" changeset="184197941" timestamp="2026-06-16T19:45:33Z" user="TheLNL" uid="21256080" lat="12.9686172" lon="79.1577901"/>
 <node id="1034973049" visible="true" version="2" changeset="57298676" timestamp="2018-03-18T18:59:25Z" user="adivik2000" uid="250196" lat="12.9687257" lon="79.1586585"/>
 <node id="1034973051" visible="true" version="2" changeset="184197941" timestamp="2026-06-16T19:45:33Z" user="TheLNL" uid="21256080" lat="12.9686420" lon="79.1575722"/>
 <node id="1034973053" visible="true" version="3" changeset="184197941" timestamp="2026-06-16T19:45:33Z" user="TheLNL" uid="21256080" lat="12.9678437" lon="79.1577696"/>
 <node id="1034973055" visible="true" version="2" changeset="184197941" timestamp="2026-06-16T19:45:33Z" user="TheLNL" uid="21256080" lat="12.9686185" lon="79.1576533"/>
 <node id="1034973056" visible="true" version="2" changeset="187420742" timestamp="2026-08-14T04:13:11Z" user="TheLNL" uid="21256080" lat="12.9687322" lon="79.1585164"/>
 <node id="1034973057" visible="true" version="4" changeset="137233193" timestamp="2023-06-12T08:18:30Z" user="Abhimanyu Kundu" uid="19553168" lat="12.9676331" lon="79.1586397">
  <tag k="access" v="permit"/>
  <tag k="barrier" v="gate"/>
  <tag k="bicycle" v="no"/>
  <tag k="foot" v="yes"/>
  <tag k="motor_vehicle" v="no"/>
 </node>
 <node id="1035469395" visible="true" version="3" changeset="57298676" timestamp="2018-03-18T18:59:25Z" user="adivik2000" uid="250196" lat="12.9680759" lon="79.1553055"/>
 <node id="1035469397" visible="true" version="2" changeset="187420742" timestamp="2026-08-14T04:13:11Z" user="TheLNL" uid="21256080" lat="12.9684810" lon="79.1547275"/>
 <node id="1035469398" visible="true" version="2" changeset="187420742" timestamp="2026-08-14T04:13:11Z" user="TheLNL" uid="21256080" lat="12.9689478" lon="79.1547334"/>
 <node id="1035469399" visible="true" version="2" changeset="57298676" timestamp="2018-03-18T18:59:25Z" user="adivik2000" uid="250196" lat="12.9688106" lon="79.1553423"/>
 <node id="1035469401" visible="true" version="2" changeset="57298676" timestamp="2018-03-18T18:59:25Z" user="adivik2000" uid="250196" lat="12.9701502" lon="79.1553500"/>
 <node id="1035470403" visible="true" version="2" changeset="187420742" timestamp="2026-08-14T04:13:11Z" user="TheLNL" uid="21256080" lat="12.9684763" lon="79.1551515"/>
 <node id="1035470407" visible="true" version="2" changeset="187420742" timestamp="2026-08-14T04:13:11Z" user="TheLNL" uid="21256080" lat="12.9688081" lon="79.1547316"/>
 <node id="1035481767" visible="true" version="2" changeset="187186729" timestamp="2026-08-09T15:42:35Z" user="TheLNL" uid="21256080" lat="12.9697273" lon="79.1559559"/>
 <node id="1035481769" visible="true" version="2" changeset="187186729" timestamp="2026-08-09T15:42:35Z" user="TheLNL" uid="21256080" lat="12.9696973" lon="79.1558946"/>
 <node id="1035481771" visible="true" version="2" changeset="187186729" timestamp="2026-08-09T15:42:35Z" user="TheLNL" uid="21256080" lat="12.9695969" lon="79.1559999"/>
 <node id="1035481772" visible="true" version="2" changeset="187186729" timestamp="2026-08-09T15:42:35Z" user="TheLNL" uid="21256080" lat="12.9695888" lon="79.1559237"/>
 <node id="1035481774" visible="true" version="2" changeset="187186729" timestamp="2026-08-09T15:42:35Z" user="TheLNL" uid="21256080" lat="12.9696138" lon="79.1558934"/>
 <node id="1035481775" visible="true" version="2" changeset="187186729" timestamp="2026-08-09T15:42:35Z" user="TheLNL" uid="21256080" lat="12.9695826" lon="79.1559630"/>
 <node id="1035481776" visible="true" version="2" changeset="187186729" timestamp="2026-08-09T15:42:35Z" user="TheLNL" uid="21256080" lat="12.9697239" lon="79.1559325"/>
 <node id="1035481777" visible="true" version="2" changeset="187186729" timestamp="2026-08-09T15:42:35Z" user="TheLNL" uid="21256080" lat="12.9695831" lon="79.1559429"/>
 <node id="1035481782" visible="true" version="2" changeset="187186729" timestamp="2026-08-09T15:42:35Z" user="TheLNL" uid="21256080" lat="12.9695873" lon="79.1559824"/>
 <node id="1035481783" visible="true" version="2" changeset="187186729" timestamp="2026-08-09T15:42:35Z" user="TheLNL" uid="21256080" lat="12.9696107" lon="79.1560141"/>
 <node id="1035481787" visible="true" version="2" changeset="187186729" timestamp="2026-08-09T15:42:35Z" user="TheLNL" uid="21256080" lat="12.9696825" lon="79.1560237"/>
 <node id="1035481789" visible="true" version="2" changeset="187186729" timestamp="2026-08-09T15:42:35Z" user="TheLNL" uid="21256080" lat="12.9697058" lon="79.1560078"/>
 <node id="1035481791" visible="true" version="2" changeset="187186729" timestamp="2026-08-09T15:42:35Z" user="TheLNL" uid="21256080" lat="12.9695993" lon="79.1559068"/>
 <node id="1035481797" visible="true" version="2" changeset="187186729" timestamp="2026-08-09T15:42:35Z" user="TheLNL" uid="21256080" lat="12.9697136" lon="79.1559114"/>
 <node id="1035513574" visible="true" version="2" changeset="57298676" timestamp="2018-03-18T18:59:25Z" user="adivik2000" uid="250196" lat="12.9696557" lon="79.1553373"/>
 <node id="1035513586" visible="true" version="3" changeset="186211486" timestamp="2026-07-23T03:56:34Z" user="TheLNL" uid="21256080" lat="12.9696314" lon="79.1574058"/>
 <node id="1035513587" visible="true" version="2" changeset="187186729" timestamp="2026-08-09T15:42:35Z" user="TheLNL" uid="21256080" lat="12.9696453" lon="79.1562607"/>
 <node id="1035519601" visible="true" version="1" changeset="6634885" timestamp="2010-12-12T11:44:07Z" user="adivik2000" uid="250196" lat="12.9701131" lon="79.1564002"/>
 <node id="1035519605" visible="true" version="3" changeset="187420742" timestamp="2026-08-14T04:13:11Z" user="TheLNL" uid="21256080" lat="12.9687930" lon="79.1564536"/>
 <node id="1035519612" visible="true" version="2" changeset="187186729" timestamp="2026-08-09T15:42:35Z" user="TheLNL" uid="21256080" lat="12.9696436" lon="79.1564009"/>
 <node id="1035519614" visible="true" version="3" changeset="187420742" timestamp="2026-08-14T04:13:11Z" user="TheLNL" uid="21256080" lat="12.9688087" lon="79.1554626"/>
 <node id="1035519616" visible="true" version="3" changeset="186211486" timestamp="2026-07-23T03:56:34Z" user="TheLNL" uid="21256080" lat="12.9697397" lon="79.1576154"/>
 <node id="1035520071" visible="true" version="4" changeset="187420742" timestamp="2026-08-14T04:13:11Z" user="TheLNL" uid="21256080" lat="12.9696416" lon="79.1565662"/>
 <node id="1035564803" visible="true" version="2" changeset="187186729" timestamp="2026-08-09T15:42:35Z" user="TheLNL" uid="21256080" lat="12.9696404" lon="79.1566611"/>
 <node id="1035564805" visible="true" version="4" changeset="57298676" timestamp="2018-03-18T18:59:25Z" user="adivik2000" uid="250196" lat="12.9709288" lon="79.1569234"/>
 <node id="1035564810" visible="true" version="2" changeset="57298676" timestamp="2018-03-18T18:59:25Z" user="adivik2000" uid="250196" lat="12.9706699" lon="79.1567904"/>
 <node id="1035570228" visible="true" version="2" changeset="57298676" timestamp="2018-03-18T18:59:25Z" user="adivik2000" uid="250196" lat="12.9683058" lon="79.1545737"/>
 <node id="1035570233" visible="true" version="2" changeset="57298676" timestamp="2018-03-18T18:59:25Z" user="adivik2000" uid="250196" lat="12.9685004" lon="79.1545767"/>
 <node id="1035570234" visible="true" version="4" changeset="57298676" timestamp="2018-03-18T18:59:26Z" user="adivik2000" uid="250196" lat="12.9680610" lon="79.1545623"/>
 <node id="1035570237" visible="true" version="2" changeset="57298676" timestamp="2018-03-18T18:59:26Z" user="adivik2000" uid="250196" lat="12.9698348" lon="79.1541685"/>
 <node id="1035570238" visible="true" version="2" changeset="57298676" timestamp="2018-03-18T18:59:26Z" user="adivik2000" uid="250196" lat="12.9690559" lon="79.1544422"/>
 <node id="1035570245" visible="true" version="2" changeset="57298676" timestamp="2018-03-18T18:59:26Z" user="adivik2000" uid="250196" lat="12.9694153" lon="79.1542692"/>
 <node id="1035570248" visible="true" version="2" changeset="57298676" timestamp="2018-03-18T18:59:26Z" user="adivik2000" uid="250196" lat="12.9688977" lon="79.1545173"/>
 <node id="1035570255" visible="true" version="2" changeset="57298676" timestamp="2018-03-18T18:59:26Z" user="adivik2000" uid="250196" lat="12.9687932" lon="79.1545589"/>
 <node id="1035570258" visible="true" version="2" changeset="57298676" timestamp="2018-03-18T18:59:26Z" user="adivik2000" uid="250196" lat="12.9686507" lon="79.1545790"/>
 <node id="1035570259" visible="true" version="2" changeset="57298676" timestamp="2018-03-18T18:59:26Z" user="adivik2000" uid="250196" lat="12.9695590" lon="79.1542235"/>
 <node id="1035570261" visible="true" version="2" changeset="57298676" timestamp="2018-03-18T18:59:26Z" user="adivik2000" uid="250196" lat="12.9701981" lon="79.1541323"/>
 <node id="1035570264" visible="true" version="2" changeset="57298676" timestamp="2018-03-18T18:59:26Z" user="adivik2000" uid="250196" lat="12.9692414" lon="79.1543443"/>
 <node id="1035570280" visible="true" version="2" changeset="57298676" timestamp="2018-03-18T18:59:26Z" user="adivik2000" uid="250196" lat="12.9681931" lon="79.1545684"/>
 <node id="1035572226" visible="true" version="2" changeset="57298676" timestamp="2018-03-18T18:59:26Z" user="adivik2000" uid="250196" lat="12.9703918" lon="79.1552718"/>
 <node id="1035572227" visible="true" version="2" changeset="57298676" timestamp="2018-03-18T18:59:26Z" user="adivik2000" uid="250196" lat="12.9703171" lon="79.1553514"/>
 <node id="1035572228" visible="true" version="2" changeset="57298676" timestamp="2018-03-18T18:59:26Z" user="adivik2000" uid="250196" lat="12.9702595" lon="79.1553509"/>
 <node id="1035572229" visible="true" version="2" changeset="57298676" timestamp="2018-03-18T18:59:26Z" user="adivik2000" uid="250196" lat="12.9703968" lon="79.1552106"/>
 <node id="1035572230" visible="true" version="2" changeset="137233193" timestamp="2023-06-12T08:18:30Z" user="Abhimanyu Kundu" uid="19553168" lat="12.9704137" lon="79.1542115">
  <tag k="access" v="permissive"/>
  <tag k="barrier" v="gate"/>
  <tag k="bicycle" v="no"/>
  <tag k="foot" v="yes"/>
  <tag k="horse" v="no"/>
  <tag k="locked" v="yes"/>
  <tag k="motor_vehicle" v="no"/>
  <tag k="wheelchair" v="yes"/>
 </node>
 <node id="1035572231" visible="true" version="2" changeset="57298676" timestamp="2018-03-18T18:59:26Z" user="adivik2000" uid="250196" lat="12.9703523" lon="79.1553461"/>
 <node id="1035572232" visible="true" version="2" changeset="57298676" timestamp="2018-03-18T18:59:26Z" user="adivik2000" uid="250196" lat="12.9703706" lon="79.1553327"/>
 <node id="1035572248" visible="true" version="3" changeset="188530974" timestamp="2026-09-04T15:20:07Z" user="TheLNL" uid="21256080" lat="12.9693028" lon="79.1553324"/>
 <node id="1035572250" visible="true" version="2" changeset="57298676" timestamp="2018-03-18T18:59:26Z" user="adivik2000" uid="250196" lat="12.9703993" lon="79.1551530"/>
 <node id="1035572252" visible="true" version="3" changeset="188530974" timestamp="2026-09-04T15:20:07Z" user="TheLNL" uid="21256080" lat="12.9693329" lon="79.1545039"/>
 <node id="1035576146" visible="true" version="1" changeset="6635117" timestamp="2010-12-12T12:18:48Z" user="adivik2000" uid="250196" lat="12.9639184" lon="79.1557699"/>
 <node id="1035576152" visible="true" version="1" changeset="6635117" timestamp="2010-12-12T12:18:48Z" user="adivik2000" uid="250196" lat="12.9634375" lon="79.1554748"/>
 <node id="1035576158" visible="true" version="1" changeset="6635117" timestamp="2010-12-12T12:18:48Z" user="adivik2000" uid="250196" lat="12.9627056" lon="79.1551047"/>
 <node id="1035576163" visible="true" version="1" changeset="6635117" timestamp="2010-12-12T12:18:48Z" user="adivik2000" uid="250196" lat="12.9620417" lon="79.1549116"/>
 <node id="1035576174" visible="true" version="1" changeset="6635117" timestamp="2010-12-12T12:18:48Z" user="adivik2000" uid="250196" lat="12.9616365" lon="79.1548150"/>
 <node id="1035576177" visible="true" version="1" changeset="6635117" timestamp="2010-12-12T12:18:49Z" user="adivik2000" uid="250196" lat="12.9632519" lon="79.1553675"/>
 <node id="1035576181" visible="true" version="1" changeset="6635117" timestamp="2010-12-12T12:18:49Z" user="adivik2000" uid="250196" lat="12.9640570" lon="79.1558343"/>
 <node id="1035576188" visible="true" version="1" changeset="6635117" timestamp="2010-12-12T12:18:49Z" user="adivik2000" uid="250196" lat="12.9675203" lon="79.1568937"/>
 <node id="1035576190" visible="true" version="1" changeset="6635117" timestamp="2010-12-12T12:18:49Z" user="adivik2000" uid="250196" lat="12.9630715" lon="79.1552683"/>
 <node id="1035576194" visible="true" version="1" changeset="6635117" timestamp="2010-12-12T12:18:49Z" user="adivik2000" uid="250196" lat="12.9637747" lon="79.1556867"/>
 <node id="1035576197" visible="true" version="1" changeset="6635117" timestamp="2010-12-12T12:18:49Z" user="adivik2000" uid="250196" lat="12.9674340" lon="79.1568535"/>
 <node id="1035576200" visible="true" version="1" changeset="6635117" timestamp="2010-12-12T12:18:49Z" user="adivik2000" uid="250196" lat="12.9618482" lon="79.1548606"/>
 <node id="1035576205" visible="true" version="1" changeset="6635117" timestamp="2010-12-12T12:18:49Z" user="adivik2000" uid="250196" lat="12.9649875" lon="79.1560971"/>
 <node id="1035576223" visible="true" version="1" changeset="6635117" timestamp="2010-12-12T12:18:50Z" user="adivik2000" uid="250196" lat="12.9636257" lon="79.1555982"/>
 <node id="1035576226" visible="true" version="1" changeset="6635117" timestamp="2010-12-12T12:18:50Z" user="adivik2000" uid="250196" lat="12.9644804" lon="79.1559576"/>
 <node id="1035576228" visible="true" version="1" changeset="6635117" timestamp="2010-12-12T12:18:50Z" user="adivik2000" uid="250196" lat="12.9672929" lon="79.1567864"/>
 <node id="1035576229" visible="true" version="1" changeset="6635117" timestamp="2010-12-12T12:18:50Z" user="adivik2000" uid="250196" lat="12.9668224" lon="79.1565826"/>
 <node id="1035576230" visible="true" version="1" changeset="6635117" timestamp="2010-12-12T12:18:50Z" user="adivik2000" uid="250196" lat="12.9669452" lon="79.1566309"/>
 <node id="1035576232" visible="true" version="1" changeset="6635117" timestamp="2010-12-12T12:18:50Z" user="adivik2000" uid="250196" lat="12.9643340" lon="79.1559228"/>
 <node id="1035576237" visible="true" version="1" changeset="6635117" timestamp="2010-12-12T12:18:50Z" user="adivik2000" uid="250196" lat="12.9641981" lon="79.1558879"/>
 <node id="1035576240" visible="true" version="1" changeset="6635117" timestamp="2010-12-12T12:18:50Z" user="adivik2000" uid="250196" lat="12.9670916" lon="79.1566872"/>
 <node id="1035576244" visible="true" version="1" changeset="6635117" timestamp="2010-12-12T12:18:51Z" user="adivik2000" uid="250196" lat="12.9624703" lon="79.1550242"/>
 <node id="1035576261" visible="true" version="1" changeset="6635117" timestamp="2010-12-12T12:18:51Z" user="adivik2000" uid="250196" lat="12.9665401" lon="79.1564950"/>
 <node id="1035576265" visible="true" version="1" changeset="6635117" timestamp="2010-12-12T12:18:51Z" user="adivik2000" uid="250196" lat="12.9663048" lon="79.1564351"/>
 <node id="1035576266" visible="true" version="1" changeset="6635117" timestamp="2010-12-12T12:18:51Z" user="adivik2000" uid="250196" lat="12.9622403" lon="79.1549625"/>
 <node id="1035576267" visible="true" version="1" changeset="6635117" timestamp="2010-12-12T12:18:51Z" user="adivik2000" uid="250196" lat="12.9667074" lon="79.1565450"/>
 <node id="1035576268" visible="true" version="1" changeset="6635117" timestamp="2010-12-12T12:18:51Z" user="adivik2000" uid="250196" lat="12.9628650" lon="79.1551691"/>
 <node id="1035576269" visible="true" version="1" changeset="6635117" timestamp="2010-12-12T12:18:51Z" user="adivik2000" uid="250196" lat="12.9657559" lon="79.1562929"/>
 <node id="1035577558" visible="true" version="1" changeset="6635117" timestamp="2010-12-12T12:22:32Z" user="adivik2000" uid="250196" lat="12.9584685" lon="79.1543161"/>
 <node id="1035577560" visible="true" version="1" changeset="6635117" timestamp="2010-12-12T12:22:32Z" user="adivik2000" uid="250196" lat="12.9600708" lon="79.1544985"/>
 <node id="1035577561" visible="true" version="1" changeset="6635117" timestamp="2010-12-12T12:22:32Z" user="adivik2000" uid="250196" lat="12.9609726" lon="79.1546648"/>
 <node id="1035577562" visible="true" version="2" changeset="134991922" timestamp="2023-04-16T21:04:04Z" user="Deepak Saravanan" uid="664208" lat="12.9576950" lon="79.1542635"/>
 <node id="1035577563" visible="true" version="1" changeset="6635117" timestamp="2010-12-12T12:22:33Z" user="adivik2000" uid="250196" lat="12.9589860" lon="79.1544020"/>
 <node id="1035577564" visible="true" version="1" changeset="6635117" timestamp="2010-12-12T12:22:33Z" user="adivik2000" uid="250196" lat="12.9592788" lon="79.1544261"/>
 <node id="1035577565" visible="true" version="2" changeset="134991922" timestamp="2023-04-16T21:04:04Z" user="Deepak Saravanan" uid="664208" lat="12.9583647" lon="79.1543045"/>
 <node id="1035577566" visible="true" version="1" changeset="6635117" timestamp="2010-12-12T12:22:33Z" user="adivik2000" uid="250196" lat="12.9597388" lon="79.1544583"/>
 <node id="1035577568" visible="true" version="1" changeset="6635117" timestamp="2010-12-12T12:22:34Z" user="adivik2000" uid="250196" lat="12.9612680" lon="79.1547372"/>
 <node id="1035577572" visible="true" version="1" changeset="6635117" timestamp="2010-12-12T12:22:34Z" user="adivik2000" uid="250196" lat="12.9603740" lon="79.1545441"/>
 <node id="1035577573" visible="true" version="1" changeset="6635117" timestamp="2010-12-12T12:22:34Z" user="adivik2000" uid="250196" lat="12.9587717" lon="79.1543724"/>
 <node id="1035577574" visible="true" version="1" changeset="6635117" timestamp="2010-12-12T12:22:35Z" user="adivik2000" uid="250196" lat="12.9605727" lon="79.1545790"/>
 <node id="1035577576" visible="true" version="2" changeset="134991922" timestamp="2023-04-16T21:04:04Z" user="Deepak Saravanan" uid="664208" lat="12.9578701" lon="79.1542761"/>
 <node id="1035583343" visible="true" version="3" changeset="129980464" timestamp="2022-12-12T00:44:47Z" user="user_10603760" uid="10603760" lat="12.9704119" lon="79.1541427"/>
 <node id="1040878700" visible="true" version="3" changeset="129405566" timestamp="2022-11-26T15:01:38Z" user="uknown-gryphus" uid="2425805" lat="12.9689028" lon="79.1448034"/>
 <node id="1040878715" visible="true" version="3" changeset="129405566" timestamp="2022-11-26T15:01:38Z" user="uknown-gryphus" uid="2425805" lat="12.9664898" lon="79.1705475"/>
 <node id="1040878719" visible="true" version="3" changeset="129405566" timestamp="2022-11-26T15:01:38Z" user="uknown-gryphus" uid="2425805" lat="12.9658444" lon="79.1661841"/>
 <node id="1040878720" visible="true" version="4" changeset="183384353" timestamp="2026-05-30T06:09:39Z" user="TheLNL" uid="21256080" lat="12.9656814" lon="79.1680773"/>
 <node id="1040878722" visible="true" version="3" changeset="57298676" timestamp="2018-03-18T18:59:26Z" user="adivik2000" uid="250196" lat="12.9677012" lon="79.1573682"/>
 <node id="1040878734" visible="true" version="4" changeset="129980464" timestamp="2022-12-12T00:44:47Z" user="user_10603760" uid="10603760" lat="12.9678126" lon="79.1492486"/>
 <node id="1040878736" visible="true" version="4" changeset="183384353" timestamp="2026-05-30T06:09:39Z" user="TheLNL" uid="21256080" lat="12.9656507" lon="79.1678576"/>
 <node id="1040878737" visible="true" version="3" changeset="129405566" timestamp="2022-11-26T15:01:38Z" user="uknown-gryphus" uid="2425805" lat="12.9669906" lon="79.1601925"/>
 <node id="1040878738" visible="true" version="3" changeset="129405566" timestamp="2022-11-26T15:01:38Z" user="uknown-gryphus" uid="2425805" lat="12.9687013" lon="79.1412178"/>
 <node id="1040878739" visible="true" version="4" changeset="129980464" timestamp="2022-12-12T00:44:47Z" user="user_10603760" uid="10603760" lat="12.9687723" lon="79.1461999"/>
 <node id="1040878740" visible="true" version="4" changeset="136863016" timestamp="2023-06-02T10:54:10Z" user="Navk" uid="17769086" lat="12.9681127" lon="79.1558131"/>
 <node id="1040878751" visible="true" version="3" changeset="129405566" timestamp="2022-11-26T15:01:38Z" user="uknown-gryphus" uid="2425805" lat="12.9664847" lon="79.1621439"/>
 <node id="1040878754" visible="true" version="3" changeset="129405566" timestamp="2022-11-26T15:01:38Z" user="uknown-gryphus" uid="2425805" lat="12.9657187" lon="79.1670627"/>
 <node id="1040878756" visible="true" version="3" changeset="129980464" timestamp="2022-12-12T00:44:47Z" user="user_10603760" uid="10603760" lat="12.9685741" lon="79.1468943"/>
 <node id="1040878757" visible="true" version="4" changeset="136863016" timestamp="2023-06-02T10:54:10Z" user="Navk" uid="17769086" lat="12.9681151" lon="79.1556914"/>
 <node id="1040878765" visible="true" version="4" changeset="129405566" timestamp="2022-11-26T15:01:38Z" user="uknown-gryphus" uid="2425805" lat="12.9672984" lon="79.1589448"/>
 <node id="1040878769" visible="true" version="3" changeset="129405566" timestamp="2022-11-26T15:01:38Z" user="uknown-gryphus" uid="2425805" lat="12.9667767" lon="79.1609459"/>
 <node id="1040878772" visible="true" version="3" changeset="129405566" timestamp="2022-11-26T15:01:38Z" user="uknown-gryphus" uid="2425805" lat="12.9666673" lon="79.1711673"/>
 <node id="1040878777" visible="true" version="4" changeset="183416069" timestamp="2026-05-30T19:50:35Z" user="TheLNL" uid="21256080" lat="12.9680526" lon="79.1534986"/>
 <node id="1040878779" visible="true" version="3" changeset="129405566" timestamp="2022-11-26T15:01:38Z" user="uknown-gryphus" uid="2425805" lat="12.9678134" lon="79.1396028"/>
 <node id="1040878780" visible="true" version="4" changeset="129980464" timestamp="2022-12-12T00:44:47Z" user="user_10603760" uid="10603760" lat="12.9679802" lon="79.1521193"/>
 <node id="1040878794" visible="true" version="4" changeset="129980464" timestamp="2022-12-12T00:44:47Z" user="user_10603760" uid="10603760" lat="12.9677921" lon="79.1494851"/>
 <node id="1040878802" visible="true" version="4" changeset="129980464" timestamp="2022-12-12T00:44:47Z" user="user_10603760" uid="10603760" lat="12.9680851" lon="79.1483142"/>
 <node id="1040878806" visible="true" version="4" changeset="129980464" timestamp="2022-12-12T00:44:47Z" user="user_10603760" uid="10603760" lat="12.9680209" lon="79.1525826"/>
 <node id="1040878809" visible="true" version="4" changeset="129405566" timestamp="2022-11-26T15:01:38Z" user="uknown-gryphus" uid="2425805" lat="12.9671800" lon="79.1593908"/>
 <node id="1040878810" visible="true" version="4" changeset="183384353" timestamp="2026-05-30T06:09:39Z" user="TheLNL" uid="21256080" lat="12.9656549" lon="79.1676516"/>
 <node id="1040878812" visible="true" version="3" changeset="129405566" timestamp="2022-11-26T15:01:38Z" user="uknown-gryphus" uid="2425805" lat="12.9689033" lon="79.1447266"/>
 <node id="1040878814" visible="true" version="3" changeset="57298676" timestamp="2018-03-18T18:59:26Z" user="adivik2000" uid="250196" lat="12.9679639" lon="79.1564240"/>
 <node id="1040878817" visible="true" version="3" changeset="129405566" timestamp="2022-11-26T15:01:38Z" user="uknown-gryphus" uid="2425805" lat="12.9660979" lon="79.1643494"/>
 <node id="1040878830" visible="true" version="3" changeset="129405566" timestamp="2022-11-26T15:01:38Z" user="uknown-gryphus" uid="2425805" lat="12.9683696" lon="79.1402782"/>
 <node id="1040878837" visible="true" version="3" changeset="57298676" timestamp="2018-03-18T18:59:26Z" user="adivik2000" uid="250196" lat="12.9678370" lon="79.1568518"/>
 <node id="1040878842" visible="true" version="3" changeset="129405566" timestamp="2022-11-26T15:01:38Z" user="uknown-gryphus" uid="2425805" lat="12.9684459" lon="79.1403829"/>
 <node id="1040878855" visible="true" version="3" changeset="129405566" timestamp="2022-11-26T15:01:38Z" user="uknown-gryphus" uid="2425805" lat="12.9680545" lon="79.1538145"/>
 <node id="1040878858" visible="true" version="4" changeset="136863016" timestamp="2023-06-02T10:54:10Z" user="Navk" uid="17769086" lat="12.9681038" lon="79.1559184"/>
 <node id="1040878860" visible="true" version="3" changeset="129405566" timestamp="2022-11-26T15:01:38Z" user="uknown-gryphus" uid="2425805" lat="12.9660386" lon="79.1692208"/>
 <node id="1040878862" visible="true" version="3" changeset="129405566" timestamp="2022-11-26T15:01:38Z" user="uknown-gryphus" uid="2425805" lat="12.9685508" lon="79.1405603"/>
 <node id="1040878864" visible="true" version="3" changeset="129405566" timestamp="2022-11-26T15:01:38Z" user="uknown-gryphus" uid="2425805" lat="12.9685989" lon="79.1406504"/>
 <node id="1040878866" visible="true" version="4" changeset="136863016" timestamp="2023-06-02T10:54:10Z" user="Navk" uid="17769086" lat="12.9681142" lon="79.1557398"/>
 <node id="1040878868" visible="true" version="4" changeset="129980464" timestamp="2022-12-12T00:44:47Z" user="user_10603760" uid="10603760" lat="12.9680430" lon="79.1529950"/>
 <node id="1040878872" visible="true" version="3" changeset="129405566" timestamp="2022-11-26T15:01:38Z" user="uknown-gryphus" uid="2425805" lat="12.9672526" lon="79.1389417"/>
 <node id="1040878876" visible="true" version="4" changeset="129980464" timestamp="2022-12-12T00:44:47Z" user="user_10603760" uid="10603760" lat="12.9678461" lon="79.1507212"/>
 <node id="1040878886" visible="true" version="3" changeset="129405566" timestamp="2022-11-26T15:01:38Z" user="uknown-gryphus" uid="2425805" lat="12.9688785" lon="79.1454372"/>
 <node id="1040878893" visible="true" version="4" changeset="183384353" timestamp="2026-05-30T06:09:39Z" user="TheLNL" uid="21256080" lat="12.9657833" lon="79.1684670"/>
 <node id="1040878894" visible="true" version="4" changeset="129980464" timestamp="2022-12-12T00:44:47Z" user="user_10603760" uid="10603760" lat="12.9679150" lon="79.1488281"/>
 <node id="1040878899" visible="true" version="4" changeset="136863016" timestamp="2023-06-02T10:54:10Z" user="Navk" uid="17769086" lat="12.9680805" lon="79.1560460"/>
 <node id="1040878901" visible="true" version="4" changeset="129980464" timestamp="2022-12-12T00:44:47Z" user="user_10603760" uid="10603760" lat="12.9688189" lon="79.1459654"/>
 <node id="1040878902" visible="true" version="3" changeset="129405566" timestamp="2022-11-26T15:01:38Z" user="uknown-gryphus" uid="2425805" lat="12.9688430" lon="79.1437617"/>
 <node id="1040878903" visible="true" version="4" changeset="129980464" timestamp="2022-12-12T00:44:47Z" user="user_10603760" uid="10603760" lat="12.9678538" lon="79.1490410"/>
 <node id="1040878904" visible="true" version="3" changeset="129405566" timestamp="2022-11-26T15:01:38Z" user="uknown-gryphus" uid="2425805" lat="12.9663648" lon="79.1628028"/>
 <node id="1040878909" visible="true" version="4" changeset="133528802" timestamp="2023-03-10T18:04:22Z" user="uknown-gryphus" uid="2425805" lat="12.9667836" lon="79.1715239"/>
 <node id="1040878920" visible="true" version="3" changeset="129405566" timestamp="2022-11-26T15:01:38Z" user="uknown-gryphus" uid="2425805" lat="12.9687698" lon="79.1426713"/>
 <node id="1040878923" visible="true" version="4" changeset="133528802" timestamp="2023-03-10T18:04:22Z" user="uknown-gryphus" uid="2425805" lat="12.9669208" lon="79.1720394"/>
 <node id="1040878934" visible="true" version="3" changeset="57298676" timestamp="2018-03-18T18:59:26Z" user="adivik2000" uid="250196" lat="12.9680551" lon="79.1548958"/>
 <node id="1040878935" visible="true" version="3" changeset="129405566" timestamp="2022-11-26T15:01:38Z" user="uknown-gryphus" uid="2425805" lat="12.9662562" lon="79.1698772"/>
 <node id="1040878936" visible="true" version="3" changeset="129405566" timestamp="2022-11-26T15:01:38Z" user="uknown-gryphus" uid="2425805" lat="12.9666213" lon="79.1615106"/>
 <node id="1040878947" visible="true" version="3" changeset="129405566" timestamp="2022-11-26T15:01:38Z" user="uknown-gryphus" uid="2425805" lat="12.9687150" lon="79.1417171"/>
 <node id="1040878950" visible="true" version="3" changeset="129405566" timestamp="2022-11-26T15:01:38Z" user="uknown-gryphus" uid="2425805" lat="12.9686383" lon="79.1407777"/>
 <node id="1041159978" visible="true" version="4" changeset="129405566" timestamp="2022-11-26T15:01:38Z" user="uknown-gryphus" uid="2425805" lat="12.9673909" lon="79.1585840"/>
 <node id="1041161741" visible="true" version="3" changeset="57298676" timestamp="2018-03-18T18:59:26Z" user="adivik2000" uid="250196" lat="12.9677822" lon="79.1570168"/>
 <node id="1041329848" visible="true" version="3" changeset="129980464" timestamp="2022-12-12T00:44:47Z" user="user_10603760" uid="10603760" lat="12.9682421" lon="79.1478298"/>
 <node id="1041330851" visible="true" version="3" changeset="129980464" timestamp="2022-12-12T00:44:47Z" user="user_10603760" uid="10603760" lat="12.9683881" lon="79.1473870"/>
 <node id="1041332194" visible="true" version="3" changeset="129980464" timestamp="2022-12-12T00:44:47Z" user="user_10603760" uid="10603760" lat="12.9686741" lon="79.1466106"/>
 <node id="1041526214" visible="true" version="5" changeset="183416069" timestamp="2026-05-30T19:50:35Z" user="TheLNL" uid="21256080" lat="12.9679107" lon="79.1513549"/>
 <node id="1041527990" visible="true" version="4" changeset="129980464" timestamp="2022-12-12T00:44:47Z" user="user_10603760" uid="10603760" lat="12.9677840" lon="79.1497125"/>
 <node id="1041528837" visible="true" version="4" changeset="129980464" timestamp="2022-12-12T00:44:47Z" user="user_10603760" uid="10603760" lat="12.9679591" lon="79.1486936"/>
 <node id="1064558843" visible="true" version="8" changeset="184217568" timestamp="2026-06-17T09:33:53Z" user="TheLNL" uid="21256080" lat="12.9699373" lon="79.1543436">
  <tag k="amenity" v="bank"/>
  <tag k="atm" v="yes"/>
  <tag k="brand" v="Indian Bank"/>
  <tag k="brand:wikidata" v="Q2003789"/>
  <tag k="brand:wikipedia" v="en:Indian Bank"/>
  <tag k="name" v="Indian Bank"/>
  <tag k="name:en" v="Indian Bank"/>
  <tag k="opening_hours" v="Mo-Sa 09:00-17:30"/>
  <tag k="website" v="https://www.indianbank.in/"/>
 </node>
 <node id="1064559867" visible="true" version="5" changeset="184217568" timestamp="2026-06-17T09:33:53Z" user="TheLNL" uid="21256080" lat="12.9698116" lon="79.1543451">
  <tag k="addr:city" v="Vellore"/>
  <tag k="addr:postcode" v="632014"/>
  <tag k="amenity" v="post_office"/>
  <tag k="opening_hours" v="Mo-Sa 08:00-18:00"/>
 </node>
 <node id="1064559868" visible="true" version="4" changeset="184217568" timestamp="2026-06-17T09:33:53Z" user="TheLNL" uid="21256080" lat="12.9700963" lon="79.1543490">
  <tag k="name" v="All Maart"/>
  <tag k="opening_hours" v="Mo-Sa 09:00-20:30"/>
  <tag k="shop" v="supermarket"/>
 </node>
 <node id="1065288301" visible="true" version="2" changeset="184217568" timestamp="2026-06-17T09:33:53Z" user="TheLNL" uid="21256080" lat="12.9702639" lon="79.1543561">
  <tag k="name" v="Eagle Hairdresser"/>
  <tag k="shop" v="hairdresser"/>
 </node>
 <node id="1079523486" visible="true" version="3" changeset="185989543" timestamp="2026-07-19T05:22:10Z" user="TheLNL" uid="21256080" lat="12.9705291" lon="79.1583689"/>
 <node id="1079523489" visible="true" version="4" changeset="185989543" timestamp="2026-07-19T05:22:10Z" user="TheLNL" uid="21256080" lat="12.9705267" lon="79.1585493"/>
 <node id="1079523490" visible="true" version="3" changeset="185989543" timestamp="2026-07-19T05:22:10Z" user="TheLNL" uid="21256080" lat="12.9702553" lon="79.1585455"/>
 <node id="1079523493" visible="true" version="3" changeset="185989543" timestamp="2026-07-19T05:22:10Z" user="TheLNL" uid="21256080" lat="12.9702576" lon="79.1583652"/>
 <node id="1079549319" visible="true" version="3" changeset="187420742" timestamp="2026-08-14T04:13:11Z" user="TheLNL" uid="21256080" lat="12.9706395" lon="79.1565941"/>
 <node id="1079549325" visible="true" version="3" changeset="187420742" timestamp="2026-08-14T04:13:11Z" user="TheLNL" uid="21256080" lat="12.9703330" lon="79.1561842"/>
 <node id="1079549326" visible="true" version="3" changeset="187420742" timestamp="2026-08-14T04:13:11Z" user="TheLNL" uid="21256080" lat="12.9706595" lon="79.1562018"/>
 <node id="1079549328" visible="true" version="3" changeset="187420742" timestamp="2026-08-14T04:13:11Z" user="TheLNL" uid="21256080" lat="12.9703129" lon="79.1565765"/>
 <node id="1079553871" visible="true" version="3" changeset="57298676" timestamp="2018-03-18T18:59:26Z" user="adivik2000" uid="250196" lat="12.9705941" lon="79.1560596"/>
 <node id="1079553874" visible="true" version="3" changeset="57298676" timestamp="2018-03-18T18:59:26Z" user="adivik2000" uid="250196" lat="12.9702868" lon="79.1558623"/>
 <node id="1079553876" visible="true" version="3" changeset="57298676" timestamp="2018-03-18T18:59:26Z" user="adivik2000" uid="250196" lat="12.9705966" lon="79.1558665"/>
 <node id="1079553881" visible="true" version="3" changeset="57298676" timestamp="2018-03-18T18:59:26Z" user="adivik2000" uid="250196" lat="12.9702844" lon="79.1560554"/>
 <node id="1079564176" visible="true" version="2" changeset="57298676" timestamp="2018-03-18T18:59:26Z" user="adivik2000" uid="250196" lat="12.9706492" lon="79.1554367"/>
 <node id="1079564181" visible="true" version="2" changeset="57298676" timestamp="2018-03-18T18:59:26Z" user="adivik2000" uid="250196" lat="12.9703096" lon="79.1554269"/>
 <node id="1079564194" visible="true" version="2" changeset="57298676" timestamp="2018-03-18T18:59:26Z" user="adivik2000" uid="250196" lat="12.9706392" lon="79.1558004"/>
 <node id="1079564217" visible="true" version="2" changeset="57298676" timestamp="2018-03-18T18:59:26Z" user="adivik2000" uid="250196" lat="12.9702996" lon="79.1557905"/>
 <node id="1079568428" visible="true" version="1" changeset="6843286" timestamp="2011-01-02T21:16:07Z" user="adivik2000" uid="250196" lat="12.9701523" lon="79.1560886"/>
 <node id="1079568465" visible="true" version="1" changeset="6843286" timestamp="2011-01-02T21:16:11Z" user="adivik2000" uid="250196" lat="12.9702427" lon="79.1560957"/>
 <node id="1079568468" visible="true" version="1" changeset="6843286" timestamp="2011-01-02T21:16:11Z" user="adivik2000" uid="250196" lat="12.9701200" lon="79.1565215"/>
 <node id="1079568470" visible="true" version="1" changeset="6843286" timestamp="2011-01-02T21:16:11Z" user="adivik2000" uid="250196" lat="12.9702104" lon="79.1565286"/>
 <node id="1079579542" visible="true" version="3" changeset="187420742" timestamp="2026-08-14T04:13:11Z" user="TheLNL" uid="21256080" lat="12.9700992" lon="79.1563092"/>
 <node id="1079579543" visible="true" version="3" changeset="187420742" timestamp="2026-08-14T04:13:11Z" user="TheLNL" uid="21256080" lat="12.9701046" lon="79.1561665"/>
 <node id="1079579546" visible="true" version="3" changeset="187420742" timestamp="2026-08-14T04:13:11Z" user="TheLNL" uid="21256080" lat="12.9698493" lon="79.1561562"/>
 <node id="1079579548" visible="true" version="3" changeset="187420742" timestamp="2026-08-14T04:13:11Z" user="TheLNL" uid="21256080" lat="12.9698438" lon="79.1562989"/>
 <node id="1079594803" visible="true" version="4" changeset="174897320" timestamp="2025-11-20T09:22:40Z" user="PalMaper" uid="13262539" lat="12.9692707" lon="79.1563265"/>
 <node id="1079594813" visible="true" version="4" changeset="174897320" timestamp="2025-11-20T09:22:40Z" user="PalMaper" uid="13262539" lat="12.9694314" lon="79.1563635"/>
 <node id="1079594816" visible="true" version="4" changeset="174897320" timestamp="2025-11-20T09:22:40Z" user="PalMaper" uid="13262539" lat="12.9694500" lon="79.1554123"/>
 <node id="1079594820" visible="true" version="4" changeset="174897320" timestamp="2025-11-20T09:22:40Z" user="PalMaper" uid="13262539" lat="12.9690723" lon="79.1554096"/>
 <node id="1079594822" visible="true" version="4" changeset="174897320" timestamp="2025-11-20T09:22:40Z" user="PalMaper" uid="13262539" lat="12.9689553" lon="79.1558084"/>
 <node id="1079594829" visible="true" version="4" changeset="174897320" timestamp="2025-11-20T09:22:40Z" user="PalMaper" uid="13262539" lat="12.9689465" lon="79.1559572"/>
 <node id="1079594830" visible="true" version="4" changeset="174897320" timestamp="2025-11-20T09:22:40Z" user="PalMaper" uid="13262539" lat="12.9692499" lon="79.1554488"/>
 <node id="1079594834" visible="true" version="4" changeset="174897320" timestamp="2025-11-20T09:22:40Z" user="PalMaper" uid="13262539" lat="12.9690540" lon="79.1563522"/>
 <node id="1079594848" visible="true" version="4" changeset="174897320" timestamp="2025-11-20T09:22:40Z" user="PalMaper" uid="13262539" lat="12.9689913" lon="79.1558090"/>
 <node id="1079594851" visible="true" version="4" changeset="174897320" timestamp="2025-11-20T09:22:40Z" user="PalMaper" uid="13262539" lat="12.9689825" lon="79.1559621"/>
 <node id="1079594853" visible="true" version="4" changeset="174897320" timestamp="2025-11-20T09:22:40Z" user="PalMaper" uid="13262539" lat="12.9695388" lon="79.1558380"/>
 <node id="1079594854" visible="true" version="4" changeset="174897320" timestamp="2025-11-20T09:22:40Z" user="PalMaper" uid="13262539" lat="12.9695415" lon="79.1559425"/>
 <node id="1079605259" visible="true" version="2" changeset="135933453" timestamp="2023-05-10T12:30:50Z" user="Lone_Muskedeer" uid="19219526" lat="12.9705339" lon="79.1544609">
  <tag k="amenity" v="restaurant"/>
  <tag k="name" v="Canteen"/>
  <tag k="opening_hours" v="Mo-Sa 08:00-20:45"/>
 </node>
 <node id="1079608967" visible="true" version="2" changeset="174897320" timestamp="2025-11-20T09:22:40Z" user="PalMaper" uid="13262539" lat="12.9687735" lon="79.1572040"/>
 <node id="1079608968" visible="true" version="4" changeset="187186729" timestamp="2026-08-09T15:42:35Z" user="TheLNL" uid="21256080" lat="12.9696337" lon="79.1572180"/>
 <node id="1080142879" visible="true" version="5" changeset="183765380" timestamp="2026-06-07T06:41:35Z" user="TheLNL" uid="21256080" lat="12.9689006" lon="79.1575210"/>
 <node id="1080142880" visible="true" version="5" changeset="183765380" timestamp="2026-06-07T06:41:35Z" user="TheLNL" uid="21256080" lat="12.9695793" lon="79.1579400"/>
 <node id="1080142881" visible="true" version="5" changeset="183765380" timestamp="2026-06-07T06:41:35Z" user="TheLNL" uid="21256080" lat="12.9692470" lon="79.1573242"/>
 <node id="1080142882" visible="true" version="5" changeset="183765380" timestamp="2026-06-07T06:41:35Z" user="TheLNL" uid="21256080" lat="12.9692328" lon="79.1581369"/>
 <node id="1080142883" visible="true" version="5" changeset="183765380" timestamp="2026-06-07T06:41:35Z" user="TheLNL" uid="21256080" lat="12.9695864" lon="79.1575337"/>
 <node id="1080142884" visible="true" version="5" changeset="183765380" timestamp="2026-06-07T06:41:35Z" user="TheLNL" uid="21256080" lat="12.9688934" lon="79.1579274"/>
 <node id="1080143635" visible="true" version="4" changeset="187186729" timestamp="2026-08-09T15:42:35Z" user="TheLNL" uid="21256080" lat="12.9697848" lon="79.1558574"/>
 <node id="1080143636" visible="true" version="4" changeset="187186729" timestamp="2026-08-09T15:42:35Z" user="TheLNL" uid="21256080" lat="12.9702316" lon="79.1558589"/>
 <node id="1080143638" visible="true" version="3" changeset="187186729" timestamp="2026-08-09T15:42:35Z" user="TheLNL" uid="21256080" lat="12.9697859" lon="79.1554905"/>
 <node id="1080143641" visible="true" version="4" changeset="187186729" timestamp="2026-08-09T15:42:35Z" user="TheLNL" uid="21256080" lat="12.9702327" lon="79.1554919"/>
 <node id="1080144848" visible="true" version="4" changeset="184217568" timestamp="2026-06-17T09:33:53Z" user="TheLNL" uid="21256080" lat="12.9703439" lon="79.1543226"/>
 <node id="1080144849" visible="true" version="2" changeset="186491977" timestamp="2026-07-28T01:39:46Z" user="TheLNL" uid="21256080" lat="12.9693906" lon="79.1570051"/>
 <node id="1080144850" visible="true" version="2" changeset="186491977" timestamp="2026-07-28T01:39:46Z" user="TheLNL" uid="21256080" lat="12.9694885" lon="79.1569473"/>
 <node id="1080144851" visible="true" version="2" changeset="186491977" timestamp="2026-07-28T01:39:46Z" user="TheLNL" uid="21256080" lat="12.9691720" lon="79.1569318"/>
 <node id="1080144852" visible="true" version="1" changeset="6846419" timestamp="2011-01-03T06:27:55Z" user="adivik2000" uid="250196" lat="12.9705235" lon="79.1552521"/>
 <node id="1080144853" visible="true" version="2" changeset="186491977" timestamp="2026-07-28T01:39:46Z" user="TheLNL" uid="21256080" lat="12.9691532" lon="79.1569316"/>
 <node id="1080144854" visible="true" version="2" changeset="186491977" timestamp="2026-07-28T01:39:46Z" user="TheLNL" uid="21256080" lat="12.9694594" lon="79.1567140"/>
 <node id="1080144855" visible="true" version="2" changeset="186491977" timestamp="2026-07-28T01:39:46Z" user="TheLNL" uid="21256080" lat="12.9691787" lon="79.1567744"/>
 <node id="1080144856" visible="true" version="1" changeset="6846419" timestamp="2011-01-03T06:27:55Z" user="adivik2000" uid="250196" lat="12.9705261" lon="79.1553058"/>
 <node id="1080144857" visible="true" version="2" changeset="186491977" timestamp="2026-07-28T01:39:46Z" user="TheLNL" uid="21256080" lat="12.9694010" lon="79.1567127"/>
 <node id="1080144858" visible="true" version="1" changeset="6846419" timestamp="2011-01-03T06:27:55Z" user="adivik2000" uid="250196" lat="12.9704373" lon="79.1553728"/>
 <node id="1080144859" visible="true" version="2" changeset="186491977" timestamp="2026-07-28T01:39:46Z" user="TheLNL" uid="21256080" lat="12.9693901" lon="79.1570607"/>
 <node id="1080144860" visible="true" version="2" changeset="186491977" timestamp="2026-07-28T01:39:46Z" user="TheLNL" uid="21256080" lat="12.9694581" lon="79.1567767"/>
 <node id="1080144861" visible="true" version="4" changeset="184217568" timestamp="2026-06-17T09:33:53Z" user="TheLNL" uid="21256080" lat="12.9698142" lon="79.1543121"/>
 <node id="1080144863" visible="true" version="2" changeset="186491977" timestamp="2026-07-28T01:39:46Z" user="TheLNL" uid="21256080" lat="12.9691714" lon="79.1570045"/>
 <node id="1080144864" visible="true" version="4" changeset="184217568" timestamp="2026-06-17T09:33:53Z" user="TheLNL" uid="21256080" lat="12.9699417" lon="79.1543015"/>
 <node id="1080144865" visible="true" version="2" changeset="186491977" timestamp="2026-07-28T01:39:46Z" user="TheLNL" uid="21256080" lat="12.9692852" lon="79.1570056"/>
 <node id="1080144866" visible="true" version="1" changeset="6846419" timestamp="2011-01-03T06:27:55Z" user="adivik2000" uid="250196" lat="12.9706648" lon="79.1548201"/>
 <node id="1080144867" visible="true" version="2" changeset="186491977" timestamp="2026-07-28T01:39:46Z" user="TheLNL" uid="21256080" lat="12.9694920" lon="79.1567774"/>
 <node id="1080144868" visible="true" version="1" changeset="6846419" timestamp="2011-01-03T06:27:55Z" user="adivik2000" uid="250196" lat="12.9706986" lon="79.1552575"/>
 <node id="1080144869" visible="true" version="2" changeset="186491977" timestamp="2026-07-28T01:39:46Z" user="TheLNL" uid="21256080" lat="12.9694649" lon="79.1569554"/>
 <node id="1080144870" visible="true" version="4" changeset="184217568" timestamp="2026-06-17T09:33:53Z" user="TheLNL" uid="21256080" lat="12.9703428" lon="79.1544389"/>
 <node id="1080144871" visible="true" version="2" changeset="186491977" timestamp="2026-07-28T01:39:46Z" user="TheLNL" uid="21256080" lat="12.9692852" lon="79.1567066"/>
 <node id="1080144872" visible="true" version="1" changeset="6846419" timestamp="2011-01-03T06:27:55Z" user="adivik2000" uid="250196" lat="12.9704399" lon="79.1553085"/>
 <node id="1080144873" visible="true" version="2" changeset="186491977" timestamp="2026-07-28T01:39:46Z" user="TheLNL" uid="21256080" lat="12.9694022" lon="79.1566523"/>
 <node id="1080144874" visible="true" version="1" changeset="6846419" timestamp="2011-01-03T06:27:56Z" user="adivik2000" uid="250196" lat="12.9704610" lon="79.1548178"/>
 <node id="1080144875" visible="true" version="1" changeset="6846419" timestamp="2011-01-03T06:27:56Z" user="adivik2000" uid="250196" lat="12.9706986" lon="79.1553809"/>
 <node id="1080144876" visible="true" version="2" changeset="186491977" timestamp="2026-07-28T01:39:46Z" user="TheLNL" uid="21256080" lat="12.9692847" lon="79.1570598"/>
 <node id="1080144877" visible="true" version="2" changeset="186491977" timestamp="2026-07-28T01:39:46Z" user="TheLNL" uid="21256080" lat="12.9694645" lon="79.1570058"/>
 <node id="1080144880" visible="true" version="2" changeset="186491977" timestamp="2026-07-28T01:39:46Z" user="TheLNL" uid="21256080" lat="12.9691548" lon="79.1567742"/>
 <node id="1080144881" visible="true" version="1" changeset="6846419" timestamp="2011-01-03T06:27:56Z" user="adivik2000" uid="250196" lat="12.9706605" lon="79.1552398"/>
 <node id="1080144883" visible="true" version="2" changeset="186491977" timestamp="2026-07-28T01:39:46Z" user="TheLNL" uid="21256080" lat="12.9691794" lon="79.1567054"/>
 <node id="1080144885" visible="true" version="2" changeset="186491977" timestamp="2026-07-28T01:39:46Z" user="TheLNL" uid="21256080" lat="12.9692858" lon="79.1566509"/>
 <node id="1080144888" visible="true" version="1" changeset="6846419" timestamp="2011-01-03T06:27:56Z" user="adivik2000" uid="250196" lat="12.9704566" lon="79.1552376"/>
 <node id="1080145672" visible="true" version="4" changeset="187420742" timestamp="2026-08-14T04:13:11Z" user="TheLNL" uid="21256080" lat="12.9691047" lon="79.1585105"/>
 <node id="1080145675" visible="true" version="4" changeset="187420742" timestamp="2026-08-14T04:13:11Z" user="TheLNL" uid="21256080" lat="12.9691083" lon="79.1581693"/>
 <node id="1080145676" visible="true" version="4" changeset="187420742" timestamp="2026-08-14T04:13:11Z" user="TheLNL" uid="21256080" lat="12.9688756" lon="79.1585079"/>
 <node id="1080145677" visible="true" version="4" changeset="187420742" timestamp="2026-08-14T04:13:11Z" user="TheLNL" uid="21256080" lat="12.9688792" lon="79.1581668"/>
 <node id="1619807760" visible="true" version="6" changeset="163165355" timestamp="2025-03-03T15:10:12Z" user="anirudh-ramesh-irasus" uid="19635258" lat="12.9697492" lon="79.1551859">
  <tag k="amenity" v="atm"/>
  <tag k="brand" v="HDFC Bank"/>
  <tag k="brand:en" v="HDFC Bank"/>
  <tag k="brand:wikidata" v="Q631047"/>
  <tag k="cash_in" v="yes"/>
  <tag k="currency:INR" v="yes"/>
  <tag k="drive_through" v="no"/>
  <tag k="indoor" v="yes"/>
  <tag k="name" v="HDFC Bank"/>
  <tag k="note" v="Contributors are requested to not edit the &quot;brand&quot;, &quot;brand:en&quot;, &quot;brand:wikidata&quot;, &quot;operator&quot;, &quot;operator:en&quot; and &quot;operator:wikidata&quot; tags. (2025/03/03)"/>
  <tag k="opening_hours" v="24/7"/>
  <tag k="operator" v="HDFC Bank"/>
  <tag k="operator:en" v="HDFC Bank"/>
  <tag k="operator:wikidata" v="Q631047"/>
  <tag k="short_name" v="HDFC"/>
 </node>
 <node id="1619807763" visible="true" version="2" changeset="187420742" timestamp="2026-08-14T04:13:11Z" user="TheLNL" uid="21256080" lat="12.9686493" lon="79.1559337">
  <tag k="amenity" v="fountain"/>
  <tag k="name" v="Main Gate Fountain"/>
 </node>
 <node id="1626932588" visible="true" version="4" changeset="187420742" timestamp="2026-08-14T04:13:11Z" user="TheLNL" uid="21256080" lat="12.9697265" lon="79.1591103"/>
 <node id="1626932592" visible="true" version="3" changeset="187420742" timestamp="2026-08-14T04:13:11Z" user="TheLNL" uid="21256080" lat="12.9697723" lon="79.1620094"/>
 <node id="1626932603" visible="true" version="3" changeset="187420742" timestamp="2026-08-14T04:13:11Z" user="TheLNL" uid="21256080" lat="12.9703656" lon="79.1612865"/>
 <node id="1626932624" visible="true" version="3" changeset="187420742" timestamp="2026-08-14T04:13:11Z" user="TheLNL" uid="21256080" lat="12.9698115" lon="79.1597928"/>
 <node id="1626932629" visible="true" version="4" changeset="187420742" timestamp="2026-08-14T04:13:11Z" user="TheLNL" uid="21256080" lat="12.9687245" lon="79.1589330"/>
 <node id="1626952116" visible="true" version="3" changeset="57298676" timestamp="2018-03-18T18:59:27Z" user="adivik2000" uid="250196" lat="12.9709132" lon="79.1583162"/>
 <node id="1626952168" visible="true" version="4" changeset="185989543" timestamp="2026-07-19T05:22:10Z" user="TheLNL" uid="21256080" lat="12.9706044" lon="79.1581807"/>
 <node id="1626955129" visible="true" version="2" changeset="57298676" timestamp="2018-03-18T18:59:27Z" user="adivik2000" uid="250196" lat="12.9708712" lon="79.1573097"/>
 <node id="1626955135" visible="true" version="2" changeset="57298676" timestamp="2018-03-18T18:59:27Z" user="adivik2000" uid="250196" lat="12.9708632" lon="79.1569110"/>
 <node id="1626955138" visible="true" version="2" changeset="57298676" timestamp="2018-03-18T18:59:27Z" user="adivik2000" uid="250196" lat="12.9709275" lon="79.1574639"/>
 <node id="2082248267" visible="true" version="6" changeset="187186729" timestamp="2026-08-09T15:42:35Z" user="TheLNL" uid="21256080" lat="12.9693691" lon="79.1582106"/>
 <node id="2082248269" visible="true" version="6" changeset="187186729" timestamp="2026-08-09T15:42:35Z" user="TheLNL" uid="21256080" lat="12.9692531" lon="79.1586163"/>
 <node id="2082248270" visible="true" version="6" changeset="187420742" timestamp="2026-08-14T04:13:11Z" user="TheLNL" uid="21256080" lat="12.9692306" lon="79.1584360"/>
 <node id="2082248272" visible="true" version="7" changeset="187186729" timestamp="2026-08-09T15:42:35Z" user="TheLNL" uid="21256080" lat="12.9695498" lon="79.1581872"/>
 <node id="2186778122" visible="true" version="3" changeset="129405566" timestamp="2022-11-26T15:01:38Z" user="uknown-gryphus" uid="2425805" lat="12.9687395" lon="79.1422840"/>
 <node id="2186778123" visible="true" version="3" changeset="129405566" timestamp="2022-11-26T15:01:38Z" user="uknown-gryphus" uid="2425805" lat="12.9688548" lon="79.1439416"/>
 <node id="2460222205" visible="true" version="2" changeset="57298676" timestamp="2018-03-18T18:59:28Z" user="adivik2000" uid="250196" lat="12.9707484" lon="79.1554214"/>
 <node id="2460222206" visible="true" version="2" changeset="57298676" timestamp="2018-03-18T18:59:28Z" user="adivik2000" uid="250196" lat="12.9704008" lon="79.1554093"/>
 <node id="2794450031" visible="true" version="2" changeset="136863351" timestamp="2023-06-02T11:03:25Z" user="Navk" uid="17769086" lat="12.9683695" lon="79.1600265"/>
 <node id="2794450032" visible="true" version="2" changeset="57298676" timestamp="2018-03-18T18:59:28Z" user="adivik2000" uid="250196" lat="12.9682839" lon="79.1586582"/>
 <node id="2794450033" visible="true" version="3" changeset="136863351" timestamp="2023-06-02T11:03:25Z" user="Navk" uid="17769086" lat="12.9685718" lon="79.1595699"/>
 <node id="3243006706" visible="true" version="2" changeset="52322436" timestamp="2017-09-24T08:24:05Z" user="sfrank" uid="18052" lat="12.9708071" lon="79.1541565"/>
 <node id="3243006707" visible="true" version="3" changeset="57298676" timestamp="2018-03-18T18:59:28Z" user="adivik2000" uid="250196" lat="12.9710158" lon="79.1569132"/>
 <node id="3243015080" visible="true" version="3" changeset="186211486" timestamp="2026-07-23T03:56:34Z" user="TheLNL" uid="21256080" lat="12.9697326" lon="79.1581216"/>
 <node id="3744527933" visible="true" version="3" changeset="184217568" timestamp="2026-06-17T09:33:53Z" user="TheLNL" uid="21256080" lat="12.9692280" lon="79.1547036"/>
 <node id="3744527934" visible="true" version="3" changeset="184217568" timestamp="2026-06-17T09:33:53Z" user="TheLNL" uid="21256080" lat="12.9691042" lon="79.1547015"/>
 <node id="3744527935" visible="true" version="3" changeset="184217568" timestamp="2026-06-17T09:33:53Z" user="TheLNL" uid="21256080" lat="12.9690960" lon="79.1552223"/>
 <node id="3744527936" visible="true" version="3" changeset="184217568" timestamp="2026-06-17T09:33:53Z" user="TheLNL" uid="21256080" lat="12.9692196" lon="79.1552244"/>
 <node id="3744530425" visible="true" version="4" changeset="184217568" timestamp="2026-06-17T09:33:53Z" user="TheLNL" uid="21256080" lat="12.9696407" lon="79.1545240"/>
 <node id="3744530426" visible="true" version="4" changeset="184217568" timestamp="2026-06-17T09:33:53Z" user="TheLNL" uid="21256080" lat="12.9693708" lon="79.1545194"/>
 <node id="3744530427" visible="true" version="3" changeset="188530974" timestamp="2026-09-04T15:20:07Z" user="TheLNL" uid="21256080" lat="12.9693180" lon="79.1547391"/>
 <node id="3744530428" visible="true" version="4" changeset="184217568" timestamp="2026-06-17T09:33:53Z" user="TheLNL" uid="21256080" lat="12.9696395" lon="79.1546013"/>
 <node id="3744539944" visible="true" version="3" changeset="184197722" timestamp="2026-06-16T19:38:38Z" user="TheLNL" uid="21256080" lat="12.9685518" lon="79.1578334"/>
 <node id="3744539945" visible="true" version="3" changeset="184197722" timestamp="2026-06-16T19:38:38Z" user="TheLNL" uid="21256080" lat="12.9681276" lon="79.1578241"/>
 <node id="3744539946" visible="true" version="3" changeset="184197722" timestamp="2026-06-16T19:38:38Z" user="TheLNL" uid="21256080" lat="12.9681185" lon="79.1584958"/>
 <node id="3744539947" visible="true" version="3" changeset="184197722" timestamp="2026-06-16T19:38:38Z" user="TheLNL" uid="21256080" lat="12.9685443" lon="79.1583795"/>
 <node id="3744544546" visible="true" version="3" changeset="184197722" timestamp="2026-06-16T19:38:38Z" user="TheLNL" uid="21256080" lat="12.9679098" lon="79.1582147"/>
 <node id="3744544548" visible="true" version="3" changeset="184197722" timestamp="2026-06-16T19:38:38Z" user="TheLNL" uid="21256080" lat="12.9680194" lon="79.1585107"/>
 <node id="3787088657" visible="true" version="3" changeset="184217568" timestamp="2026-06-17T09:33:53Z" user="TheLNL" uid="21256080" lat="12.9699081" lon="79.1543012"/>
 <node id="3787088659" visible="true" version="3" changeset="184217568" timestamp="2026-06-17T09:33:53Z" user="TheLNL" uid="21256080" lat="12.9698299" lon="79.1542947"/>
 <node id="3787088660" visible="true" version="3" changeset="184217568" timestamp="2026-06-17T09:33:53Z" user="TheLNL" uid="21256080" lat="12.9698800" lon="79.1542869"/>
 <node id="3787088661" visible="true" version="3" changeset="184217568" timestamp="2026-06-17T09:33:53Z" user="TheLNL" uid="21256080" lat="12.9698896" lon="79.1542837"/>
 <node id="3787088662" visible="true" version="3" changeset="184217568" timestamp="2026-06-17T09:33:53Z" user="TheLNL" uid="21256080" lat="12.9701808" lon="79.1543038"/>
 <node id="3904134263" visible="true" version="1" changeset="36100913" timestamp="2015-12-22T09:15:59Z" user="bhanu3" uid="2891150" lat="12.9675295" lon="79.1571054"/>
 <node id="3904134264" visible="true" version="1" changeset="36100913" timestamp="2015-12-22T09:15:59Z" user="bhanu3" uid="2891150" lat="12.9673623" lon="79.1570578"/>
 <node id="3904134265" visible="true" version="1" changeset="36100913" timestamp="2015-12-22T09:15:59Z" user="bhanu3" uid="2891150" lat="12.9673364" lon="79.1571534"/>
 <node id="3904134266" visible="true" version="1" changeset="36100913" timestamp="2015-12-22T09:15:59Z" user="bhanu3" uid="2891150" lat="12.9675037" lon="79.1572010"/>
 <node id="5317971757" visible="true" version="4" changeset="187186729" timestamp="2026-08-09T15:42:35Z" user="TheLNL" uid="21256080" lat="12.9693145" lon="79.1586388"/>
 <node id="5368672182" visible="true" version="4" changeset="187420742" timestamp="2026-08-14T04:13:11Z" user="TheLNL" uid="21256080" lat="12.9702922" lon="79.1593359">
  <tag k="amenity" v="bicycle_parking"/>
 </node>
 <node id="5368672183" visible="true" version="3" changeset="187420742" timestamp="2026-08-14T04:13:11Z" user="TheLNL" uid="21256080" lat="12.9701420" lon="79.1588788"/>
 <node id="5368672184" visible="true" version="3" changeset="187420742" timestamp="2026-08-14T04:13:11Z" user="TheLNL" uid="21256080" lat="12.9700870" lon="79.1589571"/>
 <node id="5368672185" visible="true" version="3" changeset="187420742" timestamp="2026-08-14T04:13:11Z" user="TheLNL" uid="21256080" lat="12.9700106" lon="79.1589006"/>
 <node id="5368672186" visible="true" version="3" changeset="187420742" timestamp="2026-08-14T04:13:11Z" user="TheLNL" uid="21256080" lat="12.9700139" lon="79.1589252"/>
 <node id="5368672187" visible="true" version="3" changeset="187420742" timestamp="2026-08-14T04:13:11Z" user="TheLNL" uid="21256080" lat="12.9700760" lon="79.1589740"/>
 <node id="5368672188" visible="true" version="3" changeset="187420742" timestamp="2026-08-14T04:13:11Z" user="TheLNL" uid="21256080" lat="12.9700284" lon="79.1590377"/>
 <node id="5368672189" visible="true" version="3" changeset="187420742" timestamp="2026-08-14T04:13:11Z" user="TheLNL" uid="21256080" lat="12.9699663" lon="79.1589889"/>
 <node id="5368672190" visible="true" version="3" changeset="187420742" timestamp="2026-08-14T04:13:11Z" user="TheLNL" uid="21256080" lat="12.9700909" lon="79.1589754"/>
 <node id="5368672191" visible="true" version="3" changeset="187420742" timestamp="2026-08-14T04:13:11Z" user="TheLNL" uid="21256080" lat="12.9701978" lon="79.1590537"/>
 <node id="5368672192" visible="true" version="3" changeset="187420742" timestamp="2026-08-14T04:13:11Z" user="TheLNL" uid="21256080" lat="12.9701214" lon="79.1591634"/>
 <node id="5368672193" visible="true" version="3" changeset="187420742" timestamp="2026-08-14T04:13:11Z" user="TheLNL" uid="21256080" lat="12.9700145" lon="79.1590851"/>
 <node id="5368672194" visible="true" version="3" changeset="187420742" timestamp="2026-08-14T04:13:11Z" user="TheLNL" uid="21256080" lat="12.9701528" lon="79.1588975"/>
 <node id="5368672195" visible="true" version="3" changeset="187420742" timestamp="2026-08-14T04:13:11Z" user="TheLNL" uid="21256080" lat="12.9702197" lon="79.1589513"/>
 <node id="5368672196" visible="true" version="3" changeset="187420742" timestamp="2026-08-14T04:13:11Z" user="TheLNL" uid="21256080" lat="12.9701672" lon="79.1590199"/>
 <node id="5368672197" visible="true" version="3" changeset="187420742" timestamp="2026-08-14T04:13:11Z" user="TheLNL" uid="21256080" lat="12.9701004" lon="79.1589661"/>
 <node id="5368673188" visible="true" version="3" changeset="186238659" timestamp="2026-07-23T14:35:40Z" user="TheLNL" uid="21256080" lat="12.9707922" lon="79.1589155"/>
 <node id="5368673197" visible="true" version="3" changeset="186238659" timestamp="2026-07-23T14:35:40Z" user="TheLNL" uid="21256080" lat="12.9702944" lon="79.1589881"/>
 <node id="5368673215" visible="true" version="2" changeset="185950645" timestamp="2026-07-18T10:43:52Z" user="TheLNL" uid="21256080" lat="12.9704821" lon="79.1569160"/>
 <node id="5368673220" visible="true" version="2" changeset="185950645" timestamp="2026-07-18T10:43:52Z" user="TheLNL" uid="21256080" lat="12.9704815" lon="79.1580783"/>
 <node id="5368673321" visible="true" version="1" changeset="55838330" timestamp="2018-01-28T19:08:42Z" user="Revant Mishra" uid="7540209" lat="12.9698366" lon="79.1580978"/>
 <node id="5368673322" visible="true" version="1" changeset="55838330" timestamp="2018-01-28T19:08:42Z" user="Revant Mishra" uid="7540209" lat="12.9698366" lon="79.1576380"/>
 <node id="5368673323" visible="true" version="2" changeset="185938068" timestamp="2026-07-18T03:48:08Z" user="TheLNL" uid="21256080" lat="12.9698225" lon="79.1575351"/>
 <node id="5368673324" visible="true" version="3" changeset="185950645" timestamp="2026-07-18T10:43:52Z" user="TheLNL" uid="21256080" lat="12.9697959" lon="79.1568437"/>
 <node id="5407920499" visible="true" version="3" changeset="187186729" timestamp="2026-08-09T15:42:35Z" user="TheLNL" uid="21256080" lat="12.9694975" lon="79.1586253"/>
 <node id="5487048336" visible="true" version="2" changeset="187186729" timestamp="2026-08-09T15:42:35Z" user="TheLNL" uid="21256080" lat="12.9696863" lon="79.1566673"/>
 <node id="5487048337" visible="true" version="2" changeset="187186729" timestamp="2026-08-09T15:42:35Z" user="TheLNL" uid="21256080" lat="12.9697026" lon="79.1564008"/>
 <node id="5487048338" visible="true" version="1" changeset="57298676" timestamp="2018-03-18T18:59:22Z" user="adivik2000" uid="250196" lat="12.9697132" lon="79.1560529"/>
 <node id="5487048339" visible="true" version="1" changeset="57298676" timestamp="2018-03-18T18:59:22Z" user="adivik2000" uid="250196" lat="12.9697446" lon="79.1560207"/>
 <node id="5487048340" visible="true" version="1" changeset="57298676" timestamp="2018-03-18T18:59:22Z" user="adivik2000" uid="250196" lat="12.9701691" lon="79.1585499"/>
 <node id="5487048341" visible="true" version="1" changeset="57298676" timestamp="2018-03-18T18:59:22Z" user="adivik2000" uid="250196" lat="12.9698688" lon="79.1585476"/>
 <node id="5487048342" visible="true" version="1" changeset="57298676" timestamp="2018-03-18T18:59:22Z" user="adivik2000" uid="250196" lat="12.9698740" lon="79.1583545"/>
 <node id="5487048343" visible="true" version="1" changeset="57298676" timestamp="2018-03-18T18:59:22Z" user="adivik2000" uid="250196" lat="12.9701694" lon="79.1583599"/>
 <node id="5487048355" visible="true" version="2" changeset="186238659" timestamp="2026-07-23T14:35:40Z" user="TheLNL" uid="21256080" lat="12.9704497" lon="79.1601101"/>
 <node id="5487048356" visible="true" version="1" changeset="57298676" timestamp="2018-03-18T18:59:22Z" user="adivik2000" uid="250196" lat="12.9701669" lon="79.1596950"/>
 <node id="5487048357" visible="true" version="1" changeset="57298676" timestamp="2018-03-18T18:59:22Z" user="adivik2000" uid="250196" lat="12.9698968" lon="79.1596848"/>
 <node id="5487048358" visible="true" version="1" changeset="57298676" timestamp="2018-03-18T18:59:22Z" user="adivik2000" uid="250196" lat="12.9699071" lon="79.1593967"/>
 <node id="5487048359" visible="true" version="1" changeset="57298676" timestamp="2018-03-18T18:59:22Z" user="adivik2000" uid="250196" lat="12.9701772" lon="79.1594069"/>
 <node id="5487048364" visible="true" version="1" changeset="57298676" timestamp="2018-03-18T18:59:22Z" user="adivik2000" uid="250196" lat="12.9697498" lon="79.1558880"/>
 <node id="5487048365" visible="true" version="1" changeset="57298676" timestamp="2018-03-18T18:59:22Z" user="adivik2000" uid="250196" lat="12.9697420" lon="79.1558518"/>
 <node id="5487048366" visible="true" version="1" changeset="57298676" timestamp="2018-03-18T18:59:22Z" user="adivik2000" uid="250196" lat="12.9697132" lon="79.1558115"/>
 <node id="5487048367" visible="true" version="1" changeset="57298676" timestamp="2018-03-18T18:59:22Z" user="adivik2000" uid="250196" lat="12.9697145" lon="79.1553837"/>
 <node id="5487048368" visible="true" version="1" changeset="57298676" timestamp="2018-03-18T18:59:22Z" user="adivik2000" uid="250196" lat="12.9702661" lon="79.1553958"/>
 <node id="5487048369" visible="true" version="1" changeset="57298676" timestamp="2018-03-18T18:59:22Z" user="adivik2000" uid="250196" lat="12.9704216" lon="79.1552858"/>
 <node id="5487048370" visible="true" version="1" changeset="57298676" timestamp="2018-03-18T18:59:22Z" user="adivik2000" uid="250196" lat="12.9704294" lon="79.1549492"/>
 <node id="5487048371" visible="true" version="1" changeset="57298676" timestamp="2018-03-18T18:59:22Z" user="adivik2000" uid="250196" lat="12.9704464" lon="79.1542813"/>
 <node id="5487048372" visible="true" version="1" changeset="57298676" timestamp="2018-03-18T18:59:22Z" user="adivik2000" uid="250196" lat="12.9703601" lon="79.1542679"/>
 <node id="5487048373" visible="true" version="1" changeset="57298676" timestamp="2018-03-18T18:59:22Z" user="adivik2000" uid="250196" lat="12.9703484" lon="79.1552469"/>
 <node id="5487048374" visible="true" version="1" changeset="57298676" timestamp="2018-03-18T18:59:22Z" user="adivik2000" uid="250196" lat="12.9703353" lon="79.1552885"/>
 <node id="5487048375" visible="true" version="1" changeset="57298676" timestamp="2018-03-18T18:59:22Z" user="adivik2000" uid="250196" lat="12.9702974" lon="79.1553046"/>
 <node id="5487048376" visible="true" version="1" changeset="57298676" timestamp="2018-03-18T18:59:22Z" user="adivik2000" uid="250196" lat="12.9694741" lon="79.1552818"/>
 <node id="5487048377" visible="true" version="1" changeset="57298676" timestamp="2018-03-18T18:59:22Z" user="adivik2000" uid="250196" lat="12.9694675" lon="79.1548017"/>
 <node id="5487048382" visible="true" version="2" changeset="174897746" timestamp="2025-11-20T09:33:15Z" user="PalMaper" uid="13262539" lat="12.9709846" lon="79.1582272"/>
 <node id="5487048383" visible="true" version="1" changeset="57298676" timestamp="2018-03-18T18:59:22Z" user="adivik2000" uid="250196" lat="12.9709025" lon="79.1582678"/>
 <node id="5487048384" visible="true" version="1" changeset="57298676" timestamp="2018-03-18T18:59:22Z" user="adivik2000" uid="250196" lat="12.9706098" lon="79.1581571"/>
 <node id="5487048385" visible="true" version="1" changeset="57298676" timestamp="2018-03-18T18:59:22Z" user="adivik2000" uid="250196" lat="12.9705588" lon="79.1581450"/>
 <node id="5487048386" visible="true" version="2" changeset="186211486" timestamp="2026-07-23T03:56:34Z" user="TheLNL" uid="21256080" lat="12.9698564" lon="79.1581242"/>
 <node id="5487048387" visible="true" version="2" changeset="186211486" timestamp="2026-07-23T03:56:34Z" user="TheLNL" uid="21256080" lat="12.9698034" lon="79.1580874"/>
 <node id="5487048391" visible="true" version="2" changeset="186211486" timestamp="2026-07-23T03:56:34Z" user="TheLNL" uid="21256080" lat="12.9698204" lon="79.1575724"/>
 <node id="5487048392" visible="true" version="2" changeset="186211486" timestamp="2026-07-23T03:56:34Z" user="TheLNL" uid="21256080" lat="12.9696701" lon="79.1573659"/>
 <node id="5487048394" visible="true" version="1" changeset="57298676" timestamp="2018-03-18T18:59:23Z" user="adivik2000" uid="250196" lat="12.9710097" lon="79.1586801"/>
 <node id="5487048395" visible="true" version="1" changeset="57298676" timestamp="2018-03-18T18:59:23Z" user="adivik2000" uid="250196" lat="12.9703157" lon="79.1586627"/>
 <node id="5487048396" visible="true" version="2" changeset="185989543" timestamp="2026-07-19T05:22:10Z" user="TheLNL" uid="21256080" lat="12.9698525" lon="79.1586339"/>
 <node id="5487048397" visible="true" version="2" changeset="185989543" timestamp="2026-07-19T05:22:10Z" user="TheLNL" uid="21256080" lat="12.9698119" lon="79.1585957"/>
 <node id="5487048398" visible="true" version="2" changeset="185989543" timestamp="2026-07-19T05:22:10Z" user="TheLNL" uid="21256080" lat="12.9697936" lon="79.1585581"/>
 <node id="5487048399" visible="true" version="2" changeset="185989543" timestamp="2026-07-19T05:22:10Z" user="TheLNL" uid="21256080" lat="12.9697956" lon="79.1582858"/>
 <node id="5487048400" visible="true" version="2" changeset="185989543" timestamp="2026-07-19T05:22:10Z" user="TheLNL" uid="21256080" lat="12.9698027" lon="79.1582630"/>
 <node id="5487048401" visible="true" version="2" changeset="185989543" timestamp="2026-07-19T05:22:10Z" user="TheLNL" uid="21256080" lat="12.9698576" lon="79.1582256"/>
 <node id="5487048402" visible="true" version="1" changeset="57298676" timestamp="2018-03-18T18:59:23Z" user="adivik2000" uid="250196" lat="12.9709920" lon="79.1583538"/>
 <node id="5487048403" visible="true" version="2" changeset="185989543" timestamp="2026-07-19T05:22:10Z" user="TheLNL" uid="21256080" lat="12.9708823" lon="79.1583388"/>
 <node id="5487048405" visible="true" version="2" changeset="185989543" timestamp="2026-07-19T05:22:10Z" user="TheLNL" uid="21256080" lat="12.9705974" lon="79.1582336"/>
 <node id="5487048413" visible="true" version="3" changeset="184217568" timestamp="2026-06-17T09:33:53Z" user="TheLNL" uid="21256080" lat="12.9696114" lon="79.1546883"/>
 <node id="5487048414" visible="true" version="3" changeset="184217568" timestamp="2026-06-17T09:33:53Z" user="TheLNL" uid="21256080" lat="12.9696128" lon="79.1546009"/>
 <node id="5487048415" visible="true" version="3" changeset="187420742" timestamp="2026-08-14T04:13:11Z" user="TheLNL" uid="21256080" lat="12.9679853" lon="79.1587974"/>
 <node id="5487048416" visible="true" version="3" changeset="187420742" timestamp="2026-08-14T04:13:11Z" user="TheLNL" uid="21256080" lat="12.9679580" lon="79.1587968"/>
 <node id="5487048417" visible="true" version="3" changeset="187420742" timestamp="2026-08-14T04:13:11Z" user="TheLNL" uid="21256080" lat="12.9679517" lon="79.1591065"/>
 <node id="5487048418" visible="true" version="3" changeset="187420742" timestamp="2026-08-14T04:13:11Z" user="TheLNL" uid="21256080" lat="12.9678869" lon="79.1591051"/>
 <node id="5487048419" visible="true" version="3" changeset="187420742" timestamp="2026-08-14T04:13:11Z" user="TheLNL" uid="21256080" lat="12.9678884" lon="79.1590356"/>
 <node id="5487048420" visible="true" version="3" changeset="187420742" timestamp="2026-08-14T04:13:11Z" user="TheLNL" uid="21256080" lat="12.9676120" lon="79.1590297"/>
 <node id="5487048824" visible="true" version="1" changeset="57298676" timestamp="2018-03-18T18:59:23Z" user="adivik2000" uid="250196" lat="12.9676287" lon="79.1592126">
  <tag k="amenity" v="parking"/>
 </node>
 <node id="5487048825" visible="true" version="2" changeset="184197722" timestamp="2026-06-16T19:38:38Z" user="TheLNL" uid="21256080" lat="12.9677999" lon="79.1582873"/>
 <node id="5487048833" visible="true" version="1" changeset="57298676" timestamp="2018-03-18T18:59:23Z" user="adivik2000" uid="250196" lat="12.9702321" lon="79.1559550"/>
 <node id="5487048834" visible="true" version="1" changeset="57298676" timestamp="2018-03-18T18:59:23Z" user="adivik2000" uid="250196" lat="12.9702556" lon="79.1557592"/>
 <node id="5487048835" visible="true" version="3" changeset="187420742" timestamp="2026-08-14T04:13:11Z" user="TheLNL" uid="21256080" lat="12.9689605" lon="79.1546152"/>
 <node id="5487048836" visible="true" version="3" changeset="184217568" timestamp="2026-06-17T09:33:53Z" user="TheLNL" uid="21256080" lat="12.9693667" lon="79.1547709"/>
 <node id="5487048843" visible="true" version="2" changeset="136864738" timestamp="2023-06-02T11:41:19Z" user="Navk" uid="17769086" lat="12.9697195" lon="79.1540831"/>
 <node id="5487048844" visible="true" version="2" changeset="136864738" timestamp="2023-06-02T11:41:19Z" user="Navk" uid="17769086" lat="12.9703382" lon="79.1540564"/>
 <node id="5487048846" visible="true" version="1" changeset="57298676" timestamp="2018-03-18T18:59:24Z" user="adivik2000" uid="250196" lat="12.9681999" lon="79.1546488"/>
 <node id="5487048847" visible="true" version="1" changeset="57298676" timestamp="2018-03-18T18:59:24Z" user="adivik2000" uid="250196" lat="12.9681972" lon="79.1548499"/>
 <node id="5487048848" visible="true" version="1" changeset="57298676" timestamp="2018-03-18T18:59:24Z" user="adivik2000" uid="250196" lat="12.9682077" lon="79.1557404"/>
 <node id="5487048849" visible="true" version="1" changeset="57298676" timestamp="2018-03-18T18:59:24Z" user="adivik2000" uid="250196" lat="12.9679855" lon="79.1567382"/>
 <node id="5487048850" visible="true" version="1" changeset="57298676" timestamp="2018-03-18T18:59:24Z" user="adivik2000" uid="250196" lat="12.9675961" lon="79.1582751"/>
 <node id="5487948696" visible="true" version="2" changeset="184197941" timestamp="2026-06-16T19:45:33Z" user="TheLNL" uid="21256080" lat="12.9686406" lon="79.1575356"/>
 <node id="5487948697" visible="true" version="3" changeset="184197941" timestamp="2026-06-16T19:45:33Z" user="TheLNL" uid="21256080" lat="12.9686911" lon="79.1565196"/>
 <node id="5487948698" visible="true" version="3" changeset="184197941" timestamp="2026-06-16T19:45:33Z" user="TheLNL" uid="21256080" lat="12.9684678" lon="79.1562317"/>
 <node id="5487948699" visible="true" version="3" changeset="184197941" timestamp="2026-06-16T19:45:33Z" user="TheLNL" uid="21256080" lat="12.9683874" lon="79.1562329"/>
 <node id="5487948700" visible="true" version="2" changeset="184197941" timestamp="2026-06-16T19:45:33Z" user="TheLNL" uid="21256080" lat="12.9677958" lon="79.1576657"/>
 <node id="5487948701" visible="true" version="2" changeset="184197941" timestamp="2026-06-16T19:45:33Z" user="TheLNL" uid="21256080" lat="12.9685283" lon="79.1576865"/>
 <node id="5487958582" visible="true" version="2" changeset="186238659" timestamp="2026-07-23T14:35:40Z" user="TheLNL" uid="21256080" lat="12.9703332" lon="79.1587026"/>
 <node id="5625452453" visible="true" version="3" changeset="187420742" timestamp="2026-08-14T04:13:11Z" user="TheLNL" uid="21256080" lat="12.9679869" lon="79.1587221"/>
 <node id="6367812228" visible="true" version="6" changeset="135933626" timestamp="2023-05-10T12:04:05Z" user="Lone_Muskedeer" uid="19219526" lat="12.9681282" lon="79.1555310">
  <tag k="bench" v="yes"/>
  <tag k="bin" v="no"/>
  <tag k="highway" v="bus_stop"/>
  <tag k="lit" v="yes"/>
  <tag k="name" v="VIT"/>
  <tag k="name:en" v="VIT"/>
  <tag k="name:ta" v="விஐடி"/>
  <tag k="shelter" v="yes"/>
 </node>
 <node id="6812371439" visible="true" version="2" changeset="187420742" timestamp="2026-08-14T04:13:11Z" user="TheLNL" uid="21256080" lat="12.9699683" lon="79.1617599"/>
 <node id="6986600356" visible="true" version="1" changeset="77214615" timestamp="2019-11-18T08:41:34Z" user="anandisaac" uid="1855834" lat="12.9678948" lon="79.1559593">
  <tag k="amenity" v="cafe"/>
  <tag k="name" v="Lassi cream"/>
 </node>
 <node id="6986600357" visible="true" version="2" changeset="135933453" timestamp="2023-05-10T12:12:07Z" user="Lone_Muskedeer" uid="19219526" lat="12.9678546" lon="79.1558591">
  <tag k="amenity" v="cafe"/>
 </node>
 <node id="6986622734" visible="true" version="1" changeset="77214615" timestamp="2019-11-18T08:41:42Z" user="anandisaac" uid="1855834" lat="12.9678826" lon="79.1559042">
  <tag k="amenity" v="post_office"/>
  <tag k="brand" v="Professional Couriers"/>
  <tag k="name" v="Professional Couriers"/>
 </node>
 <node id="6986623051" visible="true" version="2" changeset="135933453" timestamp="2023-05-10T12:10:18Z" user="Lone_Muskedeer" uid="19219526" lat="12.9679067" lon="79.1559148">
  <tag k="name" v="Master Xerox Printouts"/>
  <tag k="opening_hours" v="Mo-Sa 09:00-20:00"/>
  <tag k="shop" v="copyshop"/>
 </node>
 <node id="6986623547" visible="true" version="1" changeset="77214615" timestamp="2019-11-18T08:41:37Z" user="anandisaac" uid="1855834" lat="12.9679124" lon="79.1558851">
  <tag k="amenity" v="cafe"/>
  <tag k="name" v="Wraps and Fries"/>
 </node>
 <node id="9748691663" visible="true" version="2" changeset="183416069" timestamp="2026-05-30T19:50:35Z" user="TheLNL" uid="21256080" lat="12.9590704" lon="79.1544089"/>
 <node id="9974635571" visible="true" version="3" changeset="129980464" timestamp="2022-12-12T00:44:47Z" user="user_10603760" uid="10603760" lat="12.9687364" lon="79.1463565"/>
 <node id="10008889168" visible="true" version="1" changeset="125941277" timestamp="2022-09-08T12:33:49Z" user="Kavithaptpm" uid="12266079" lat="12.9595497" lon="79.1544451"/>
 <node id="10008889170" visible="true" version="1" changeset="125941277" timestamp="2022-09-08T12:33:49Z" user="Kavithaptpm" uid="12266079" lat="12.9599836" lon="79.1544879"/>
 <node id="10032723279" visible="true" version="2" changeset="129405566" timestamp="2022-11-26T15:01:38Z" user="uknown-gryphus" uid="2425805" lat="12.9669192" lon="79.1604514"/>
 <node id="10032723288" visible="true" version="2" changeset="187420742" timestamp="2026-08-14T04:13:11Z" user="TheLNL" uid="21256080" lat="12.9683272" lon="79.1593585"/>
 <node id="10032723289" visible="true" version="2" changeset="187420742" timestamp="2026-08-14T04:13:11Z" user="TheLNL" uid="21256080" lat="12.9680429" lon="79.1593526"/>
 <node id="10032723290" visible="true" version="2" changeset="187420742" timestamp="2026-08-14T04:13:11Z" user="TheLNL" uid="21256080" lat="12.9680505" lon="79.1589762"/>
 <node id="10032723291" visible="true" version="2" changeset="187420742" timestamp="2026-08-14T04:13:11Z" user="TheLNL" uid="21256080" lat="12.9683349" lon="79.1589822"/>
 <node id="10032723292" visible="true" version="1" changeset="126317147" timestamp="2022-09-18T03:56:21Z" user="Arun Balaji" uid="3427745" lat="12.9685644" lon="79.1599420"/>
 <node id="10032723293" visible="true" version="1" changeset="126317147" timestamp="2022-09-18T03:56:21Z" user="Arun Balaji" uid="3427745" lat="12.9686355" lon="79.1599435"/>
 <node id="10032723294" visible="true" version="1" changeset="126317147" timestamp="2022-09-18T03:56:21Z" user="Arun Balaji" uid="3427745" lat="12.9685682" lon="79.1597523"/>
 <node id="10032723295" visible="true" version="1" changeset="126317147" timestamp="2022-09-18T03:56:21Z" user="Arun Balaji" uid="3427745" lat="12.9686328" lon="79.1600804"/>
 <node id="10032723296" visible="true" version="1" changeset="126317147" timestamp="2022-09-18T03:56:21Z" user="Arun Balaji" uid="3427745" lat="12.9684031" lon="79.1600756"/>
 <node id="10032723297" visible="true" version="1" changeset="126317147" timestamp="2022-09-18T03:56:21Z" user="Arun Balaji" uid="3427745" lat="12.9684096" lon="79.1597490"/>
 <node id="10032723302" visible="true" version="2" changeset="187420742" timestamp="2026-08-14T04:13:11Z" user="TheLNL" uid="21256080" lat="12.9682658" lon="79.1597832"/>
 <node id="10032723303" visible="true" version="2" changeset="187420742" timestamp="2026-08-14T04:13:11Z" user="TheLNL" uid="21256080" lat="12.9678064" lon="79.1597671"/>
 <node id="10032723304" visible="true" version="2" changeset="187420742" timestamp="2026-08-14T04:13:11Z" user="TheLNL" uid="21256080" lat="12.9678130" lon="79.1595686"/>
 <node id="10032723305" visible="true" version="2" changeset="187420742" timestamp="2026-08-14T04:13:11Z" user="TheLNL" uid="21256080" lat="12.9682724" lon="79.1595847"/>
 <node id="10032723306" visible="true" version="2" changeset="187420742" timestamp="2026-08-14T04:13:11Z" user="TheLNL" uid="21256080" lat="12.9675919" lon="79.1592360"/>
 <node id="10032723307" visible="true" version="2" changeset="187420742" timestamp="2026-08-14T04:13:11Z" user="TheLNL" uid="21256080" lat="12.9674436" lon="79.1596772"/>
 <node id="10032723308" visible="true" version="2" changeset="187420742" timestamp="2026-08-14T04:13:11Z" user="TheLNL" uid="21256080" lat="12.9676105" lon="79.1597362"/>
 <node id="10032723309" visible="true" version="2" changeset="187420742" timestamp="2026-08-14T04:13:11Z" user="TheLNL" uid="21256080" lat="12.9677588" lon="79.1592950"/>
 <node id="10219868260" visible="true" version="2" changeset="160899101" timestamp="2025-01-02T09:51:06Z" user="kunalchhapre" uid="19795114" lat="12.9666695" lon="79.1382836"/>
 <node id="10219868275" visible="true" version="2" changeset="129980464" timestamp="2022-12-12T00:44:47Z" user="user_10603760" uid="10603760" lat="12.9688526" lon="79.1457417"/>
 <node id="10219868294" visible="true" version="2" changeset="184548450" timestamp="2026-06-24T21:47:19Z" user="TheLNL" uid="21256080" lat="12.9685021" lon="79.1539203"/>
 <node id="10219868295" visible="true" version="2" changeset="184548450" timestamp="2026-06-24T21:47:19Z" user="TheLNL" uid="21256080" lat="12.9681892" lon="79.1539349"/>
 <node id="10219868296" visible="true" version="2" changeset="184548450" timestamp="2026-06-24T21:47:19Z" user="TheLNL" uid="21256080" lat="12.9682012" lon="79.1543161"/>
 <node id="10219868297" visible="true" version="2" changeset="184548450" timestamp="2026-06-24T21:47:19Z" user="TheLNL" uid="21256080" lat="12.9685406" lon="79.1542895"/>
 <node id="10219868318" visible="true" version="2" changeset="187420742" timestamp="2026-08-14T04:13:11Z" user="TheLNL" uid="21256080" lat="12.9684273" lon="79.1546354"/>
 <node id="10219868319" visible="true" version="2" changeset="187420742" timestamp="2026-08-14T04:13:11Z" user="TheLNL" uid="21256080" lat="12.9684164" lon="79.1552938"/>
 <node id="10219868320" visible="true" version="2" changeset="187420742" timestamp="2026-08-14T04:13:11Z" user="TheLNL" uid="21256080" lat="12.9689588" lon="79.1552971"/>
 <node id="10219868321" visible="true" version="1" changeset="129405566" timestamp="2022-11-26T15:01:38Z" user="uknown-gryphus" uid="2425805" lat="12.9686330" lon="79.1553334"/>
 <node id="10219868322" visible="true" version="2" changeset="187420742" timestamp="2026-08-14T04:13:11Z" user="TheLNL" uid="21256080" lat="12.9686312" lon="79.1547294"/>
 <node id="10219868334" visible="true" version="2" changeset="136863016" timestamp="2023-06-02T10:54:10Z" user="Navk" uid="17769086" lat="12.9680624" lon="79.1561162"/>
 <node id="10219868335" visible="true" version="1" changeset="129405566" timestamp="2022-11-26T15:01:38Z" user="uknown-gryphus" uid="2425805" lat="12.9681307" lon="79.1553146"/>
 <node id="10219868336" visible="true" version="2" changeset="129980464" timestamp="2022-12-12T00:44:47Z" user="user_10603760" uid="10603760" lat="12.9681082" lon="79.1545701"/>
 <node id="10219868337" visible="true" version="1" changeset="129405566" timestamp="2022-11-26T15:01:38Z" user="uknown-gryphus" uid="2425805" lat="12.9678891" lon="79.1562096"/>
 <node id="10219868338" visible="true" version="1" changeset="129405566" timestamp="2022-11-26T15:01:38Z" user="uknown-gryphus" uid="2425805" lat="12.9678415" lon="79.1561989"/>
 <node id="10219868339" visible="true" version="1" changeset="129405566" timestamp="2022-11-26T15:01:38Z" user="uknown-gryphus" uid="2425805" lat="12.9678563" lon="79.1561297"/>
 <node id="10219868340" visible="true" version="1" changeset="129405566" timestamp="2022-11-26T15:01:38Z" user="uknown-gryphus" uid="2425805" lat="12.9677909" lon="79.1561150"/>
 <node id="10219868341" visible="true" version="1" changeset="129405566" timestamp="2022-11-26T15:01:38Z" user="uknown-gryphus" uid="2425805" lat="12.9677593" lon="79.1562636"/>
 <node id="10219868342" visible="true" version="1" changeset="129405566" timestamp="2022-11-26T15:01:38Z" user="uknown-gryphus" uid="2425805" lat="12.9678358" lon="79.1562808"/>
 <node id="10219868343" visible="true" version="1" changeset="129405566" timestamp="2022-11-26T15:01:38Z" user="uknown-gryphus" uid="2425805" lat="12.9678464" lon="79.1562311"/>
 <node id="10219868344" visible="true" version="1" changeset="129405566" timestamp="2022-11-26T15:01:38Z" user="uknown-gryphus" uid="2425805" lat="12.9678828" lon="79.1562392"/>
 <node id="10219868346" visible="true" version="2" changeset="136863016" timestamp="2023-06-02T10:54:10Z" user="Navk" uid="17769086" lat="12.9681268" lon="79.1561852"/>
 <node id="10219868347" visible="true" version="2" changeset="136863016" timestamp="2023-06-02T10:54:10Z" user="Navk" uid="17769086" lat="12.9679973" lon="79.1561637"/>
 <node id="10219868348" visible="true" version="2" changeset="136863016" timestamp="2023-06-02T10:54:10Z" user="Navk" uid="17769086" lat="12.9680346" lon="79.1561703">
  <tag k="crossing" v="marked"/>
  <tag k="crossing:markings" v="ladder"/>
  <tag k="highway" v="crossing"/>
 </node>
 <node id="10219868351" visible="true" version="2" changeset="129980464" timestamp="2022-12-12T00:44:47Z" user="user_10603760" uid="10603760" lat="12.9678933" lon="79.1501309"/>
 <node id="10219868352" visible="true" version="2" changeset="129980464" timestamp="2022-12-12T00:44:47Z" user="user_10603760" uid="10603760" lat="12.9679350" lon="79.1507698"/>
 <node id="10219868353" visible="true" version="2" changeset="129980464" timestamp="2022-12-12T00:44:47Z" user="user_10603760" uid="10603760" lat="12.9679763" lon="79.1512185"/>
 <node id="10219868354" visible="true" version="1" changeset="129405566" timestamp="2022-11-26T15:01:38Z" user="uknown-gryphus" uid="2425805" lat="12.9680980" lon="79.1525775"/>
 <node id="10219868355" visible="true" version="1" changeset="129405566" timestamp="2022-11-26T15:01:38Z" user="uknown-gryphus" uid="2425805" lat="12.9681064" lon="79.1530066"/>
 <node id="10219868356" visible="true" version="1" changeset="129405566" timestamp="2022-11-26T15:01:38Z" user="uknown-gryphus" uid="2425805" lat="12.9681180" lon="79.1533914"/>
 <node id="10219868357" visible="true" version="1" changeset="129405566" timestamp="2022-11-26T15:01:38Z" user="uknown-gryphus" uid="2425805" lat="12.9681080" lon="79.1546003"/>
 <node id="10219868358" visible="true" version="1" changeset="129405566" timestamp="2022-11-26T15:01:38Z" user="uknown-gryphus" uid="2425805" lat="12.9678548" lon="79.1570574"/>
 <node id="10219868359" visible="true" version="1" changeset="129405566" timestamp="2022-11-26T15:01:38Z" user="uknown-gryphus" uid="2425805" lat="12.9674805" lon="79.1586019"/>
 <node id="10219868360" visible="true" version="1" changeset="129405566" timestamp="2022-11-26T15:01:38Z" user="uknown-gryphus" uid="2425805" lat="12.9680925" lon="79.1561798">
  <tag k="crossing" v="marked"/>
  <tag k="highway" v="crossing"/>
 </node>
 <node id="10219868361" visible="true" version="1" changeset="129405566" timestamp="2022-11-26T15:01:38Z" user="uknown-gryphus" uid="2425805" lat="12.9675765" lon="79.1585707"/>
 <node id="10219868362" visible="true" version="1" changeset="129405566" timestamp="2022-11-26T15:01:38Z" user="uknown-gryphus" uid="2425805" lat="12.9673665" lon="79.1585143"/>
 <node id="10219868363" visible="true" version="2" changeset="136863016" timestamp="2023-06-02T10:54:10Z" user="Navk" uid="17769086" lat="12.9674060" lon="79.1585249">
  <tag k="crossing" v="marked"/>
  <tag k="crossing:markings" v="zebra"/>
  <tag k="highway" v="crossing"/>
 </node>
 <node id="10219868364" visible="true" version="2" changeset="136863016" timestamp="2023-06-02T10:54:10Z" user="Navk" uid="17769086" lat="12.9674935" lon="79.1585484">
  <tag k="crossing" v="marked"/>
  <tag k="crossing:markings" v="ladder"/>
  <tag k="highway" v="crossing"/>
 </node>
 <node id="10219868365" visible="true" version="6" changeset="136863016" timestamp="2023-06-02T10:54:10Z" user="Navk" uid="17769086" lat="12.9681416" lon="79.1562523">
  <tag k="bench" v="yes"/>
  <tag k="bin" v="no"/>
  <tag k="bus" v="yes"/>
  <tag k="highway" v="bus_stop"/>
  <tag k="lit" v="yes"/>
  <tag k="name" v="VIT"/>
  <tag k="public_transport" v="platform"/>
  <tag k="shelter" v="yes"/>
 </node>
 <node id="10219868366" visible="true" version="1" changeset="129405566" timestamp="2022-11-26T15:01:38Z" user="uknown-gryphus" uid="2425805" lat="12.9670791" lon="79.1601023"/>
 <node id="10219868367" visible="true" version="1" changeset="129405566" timestamp="2022-11-26T15:01:38Z" user="uknown-gryphus" uid="2425805" lat="12.9669422" lon="79.1605608"/>
 <node id="10219868368" visible="true" version="1" changeset="129405566" timestamp="2022-11-26T15:01:38Z" user="uknown-gryphus" uid="2425805" lat="12.9665339" lon="79.1621778"/>
 <node id="10219868369" visible="true" version="1" changeset="129405566" timestamp="2022-11-26T15:01:38Z" user="uknown-gryphus" uid="2425805" lat="12.9657685" lon="79.1671281"/>
 <node id="10219868370" visible="true" version="1" changeset="129405566" timestamp="2022-11-26T15:01:38Z" user="uknown-gryphus" uid="2425805" lat="12.9661569" lon="79.1643752"/>
 <node id="10219868371" visible="true" version="1" changeset="129405566" timestamp="2022-11-26T15:01:38Z" user="uknown-gryphus" uid="2425805" lat="12.9657320" lon="79.1678301"/>
 <node id="10219868372" visible="true" version="1" changeset="129405566" timestamp="2022-11-26T15:01:38Z" user="uknown-gryphus" uid="2425805" lat="12.9657719" lon="79.1680619"/>
 <node id="10219868373" visible="true" version="1" changeset="129405566" timestamp="2022-11-26T15:01:38Z" user="uknown-gryphus" uid="2425805" lat="12.9661471" lon="79.1693159"/>
 <node id="10219868374" visible="true" version="2" changeset="133528802" timestamp="2023-03-10T18:04:22Z" user="uknown-gryphus" uid="2425805" lat="12.9666728" lon="79.1709654"/>
 <node id="10219868375" visible="true" version="2" changeset="133528802" timestamp="2023-03-10T18:04:22Z" user="uknown-gryphus" uid="2425805" lat="12.9668299" lon="79.1715111"/>
 <node id="10219880122" visible="true" version="1" changeset="129405933" timestamp="2022-11-26T15:12:27Z" user="uknown-gryphus" uid="2425805" lat="12.9678216" lon="79.1543900"/>
 <node id="10219880123" visible="true" version="1" changeset="129405933" timestamp="2022-11-26T15:12:27Z" user="uknown-gryphus" uid="2425805" lat="12.9675647" lon="79.1544114"/>
 <node id="10219880124" visible="true" version="1" changeset="129405933" timestamp="2022-11-26T15:12:27Z" user="uknown-gryphus" uid="2425805" lat="12.9675799" lon="79.1546034"/>
 <node id="10219880125" visible="true" version="1" changeset="129405933" timestamp="2022-11-26T15:12:27Z" user="uknown-gryphus" uid="2425805" lat="12.9678368" lon="79.1545820"/>
 <node id="10219880126" visible="true" version="1" changeset="129405933" timestamp="2022-11-26T15:12:27Z" user="uknown-gryphus" uid="2425805" lat="12.9679798" lon="79.1553550"/>
 <node id="10219880127" visible="true" version="1" changeset="129405933" timestamp="2022-11-26T15:12:27Z" user="uknown-gryphus" uid="2425805" lat="12.9677982" lon="79.1553558"/>
 <node id="10219880128" visible="true" version="1" changeset="129405933" timestamp="2022-11-26T15:12:27Z" user="uknown-gryphus" uid="2425805" lat="12.9677986" lon="79.1554559"/>
 <node id="10219880129" visible="true" version="1" changeset="129405933" timestamp="2022-11-26T15:12:27Z" user="uknown-gryphus" uid="2425805" lat="12.9679802" lon="79.1554552"/>
 <node id="10219880131" visible="true" version="1" changeset="129405933" timestamp="2022-11-26T15:12:27Z" user="uknown-gryphus" uid="2425805" lat="12.9674344" lon="79.1558772"/>
 <node id="10219880132" visible="true" version="2" changeset="188738007" timestamp="2026-09-08T18:33:29Z" user="TheLNL" uid="21256080" lat="12.9669281" lon="79.1556605"/>
 <node id="10219880152" visible="true" version="2" changeset="174897320" timestamp="2025-11-20T09:22:40Z" user="PalMaper" uid="13262539" lat="12.9693650" lon="79.1555427"/>
 <node id="10219880153" visible="true" version="2" changeset="174897320" timestamp="2025-11-20T09:22:40Z" user="PalMaper" uid="13262539" lat="12.9694212" lon="79.1558372"/>
 <node id="10219880154" visible="true" version="2" changeset="174897320" timestamp="2025-11-20T09:22:40Z" user="PalMaper" uid="13262539" lat="12.9693790" lon="79.1558356"/>
 <node id="10219880155" visible="true" version="2" changeset="174897320" timestamp="2025-11-20T09:22:40Z" user="PalMaper" uid="13262539" lat="12.9693759" lon="79.1558564"/>
 <node id="10219880156" visible="true" version="2" changeset="174897320" timestamp="2025-11-20T09:22:40Z" user="PalMaper" uid="13262539" lat="12.9693315" lon="79.1558577"/>
 <node id="10219880157" visible="true" version="2" changeset="174897320" timestamp="2025-11-20T09:22:40Z" user="PalMaper" uid="13262539" lat="12.9693315" lon="79.1558007"/>
 <node id="10219880158" visible="true" version="2" changeset="174897320" timestamp="2025-11-20T09:22:40Z" user="PalMaper" uid="13262539" lat="12.9691667" lon="79.1558016"/>
 <node id="10219880159" visible="true" version="2" changeset="174897320" timestamp="2025-11-20T09:22:40Z" user="PalMaper" uid="13262539" lat="12.9691676" lon="79.1558568"/>
 <node id="10219880160" visible="true" version="2" changeset="174897320" timestamp="2025-11-20T09:22:40Z" user="PalMaper" uid="13262539" lat="12.9691255" lon="79.1558594"/>
 <node id="10219880161" visible="true" version="2" changeset="174897320" timestamp="2025-11-20T09:22:40Z" user="PalMaper" uid="13262539" lat="12.9691248" lon="79.1558374"/>
 <node id="10219880162" visible="true" version="2" changeset="174897320" timestamp="2025-11-20T09:22:40Z" user="PalMaper" uid="13262539" lat="12.9690741" lon="79.1558416"/>
 <node id="10219880163" visible="true" version="2" changeset="174897320" timestamp="2025-11-20T09:22:40Z" user="PalMaper" uid="13262539" lat="12.9691472" lon="79.1555137"/>
 <node id="10219880164" visible="true" version="2" changeset="174897320" timestamp="2025-11-20T09:22:40Z" user="PalMaper" uid="13262539" lat="12.9692311" lon="79.1555310"/>
 <node id="10219880165" visible="true" version="2" changeset="174897320" timestamp="2025-11-20T09:22:40Z" user="PalMaper" uid="13262539" lat="12.9693324" lon="79.1555137"/>
 <node id="10219880166" visible="true" version="2" changeset="174897320" timestamp="2025-11-20T09:22:40Z" user="PalMaper" uid="13262539" lat="12.9694315" lon="79.1559081"/>
 <node id="10219880167" visible="true" version="2" changeset="174897320" timestamp="2025-11-20T09:22:40Z" user="PalMaper" uid="13262539" lat="12.9693778" lon="79.1559090"/>
 <node id="10219880168" visible="true" version="2" changeset="174897320" timestamp="2025-11-20T09:22:40Z" user="PalMaper" uid="13262539" lat="12.9693732" lon="79.1559603"/>
 <node id="10219880169" visible="true" version="2" changeset="174897320" timestamp="2025-11-20T09:22:40Z" user="PalMaper" uid="13262539" lat="12.9691361" lon="79.1559603"/>
 <node id="10219880170" visible="true" version="2" changeset="174897320" timestamp="2025-11-20T09:22:40Z" user="PalMaper" uid="13262539" lat="12.9691306" lon="79.1559337"/>
 <node id="10219880171" visible="true" version="2" changeset="174897320" timestamp="2025-11-20T09:22:40Z" user="PalMaper" uid="13262539" lat="12.9690741" lon="79.1559356"/>
 <node id="10219880172" visible="true" version="2" changeset="174897320" timestamp="2025-11-20T09:22:40Z" user="PalMaper" uid="13262539" lat="12.9691380" lon="79.1562578"/>
 <node id="10219880173" visible="true" version="2" changeset="174897320" timestamp="2025-11-20T09:22:40Z" user="PalMaper" uid="13262539" lat="12.9692130" lon="79.1562369"/>
 <node id="10219880174" visible="true" version="2" changeset="174897320" timestamp="2025-11-20T09:22:40Z" user="PalMaper" uid="13262539" lat="12.9692741" lon="79.1562359"/>
 <node id="10219880175" visible="true" version="2" changeset="174897320" timestamp="2025-11-20T09:22:40Z" user="PalMaper" uid="13262539" lat="12.9693417" lon="79.1562587"/>
 <node id="10219880176" visible="true" version="2" changeset="174897320" timestamp="2025-11-20T09:22:40Z" user="PalMaper" uid="13262539" lat="12.9692777" lon="79.1555313"/>
 <node id="10254598907" visible="true" version="1" changeset="129980464" timestamp="2022-12-12T00:44:47Z" user="user_10603760" uid="10603760" lat="12.9679854" lon="79.1513284"/>
 <node id="10726307418" visible="true" version="1" changeset="133528802" timestamp="2023-03-10T18:04:22Z" user="uknown-gryphus" uid="2425805" lat="12.9668677" lon="79.1720636"/>
 <node id="10726307419" visible="true" version="1" changeset="133528802" timestamp="2023-03-10T18:04:22Z" user="uknown-gryphus" uid="2425805" lat="12.9669604" lon="79.1725156"/>
 <node id="10726307420" visible="true" version="1" changeset="133528802" timestamp="2023-03-10T18:04:22Z" user="uknown-gryphus" uid="2425805" lat="12.9671541" lon="79.1733106"/>
 <node id="10858550789" visible="true" version="1" changeset="135550337" timestamp="2023-04-30T19:14:33Z" user="Navk" uid="17769086" lat="12.9658336" lon="79.1666670"/>
 <node id="10858552419" visible="true" version="1" changeset="135550337" timestamp="2023-04-30T19:14:33Z" user="Navk" uid="17769086" lat="12.9660612" lon="79.1690287"/>
 <node id="10945966304" visible="true" version="1" changeset="136863351" timestamp="2023-06-02T11:03:25Z" user="Navk" uid="17769086" lat="12.9669627" lon="79.1609226"/>
 <node id="10946008055" visible="true" version="1" changeset="136863016" timestamp="2023-06-02T10:54:10Z" user="Navk" uid="17769086" lat="12.9657766" lon="79.1666580"/>
 <node id="10946008056" visible="true" version="2" changeset="183384353" timestamp="2026-05-30T06:09:39Z" user="TheLNL" uid="21256080" lat="12.9659295" lon="79.1655692"/>
 <node id="10946008057" visible="true" version="2" changeset="183384353" timestamp="2026-05-30T06:09:39Z" user="TheLNL" uid="21256080" lat="12.9659873" lon="79.1655781"/>
 <node id="10946008058" visible="true" version="1" changeset="136863016" timestamp="2023-06-02T10:54:10Z" user="Navk" uid="17769086" lat="12.9662436" lon="79.1638698"/>
 <node id="10946008059" visible="true" version="1" changeset="136863016" timestamp="2023-06-02T10:54:10Z" user="Navk" uid="17769086" lat="12.9661827" lon="79.1638578"/>
 <node id="10946008062" visible="true" version="1" changeset="136863016" timestamp="2023-06-02T10:54:10Z" user="Navk" uid="17769086" lat="12.9663747" lon="79.1631058"/>
 <node id="10946008126" visible="true" version="1" changeset="136863016" timestamp="2023-06-02T10:54:10Z" user="Navk" uid="17769086" lat="12.9680262" lon="79.1562005">
  <tag k="crossing:markings" v="ladder"/>
  <tag k="traffic_calming" v="bump"/>
 </node>
 <node id="10946008127" visible="true" version="1" changeset="136863016" timestamp="2023-06-02T10:54:10Z" user="Navk" uid="17769086" lat="12.9681441" lon="79.1556268"/>
 <node id="10946008128" visible="true" version="1" changeset="136863016" timestamp="2023-06-02T10:54:10Z" user="Navk" uid="17769086" lat="12.9680850" lon="79.1556285"/>
 <node id="10946016478" visible="true" version="1" changeset="136863351" timestamp="2023-06-02T11:03:25Z" user="Navk" uid="17769086" lat="12.9684913" lon="79.1586583"/>
 <node id="10946016479" visible="true" version="1" changeset="136863351" timestamp="2023-06-02T11:03:25Z" user="Navk" uid="17769086" lat="12.9683845" lon="79.1596286"/>
 <node id="10946063210" visible="true" version="2" changeset="184217568" timestamp="2026-06-17T09:33:53Z" user="TheLNL" uid="21256080" lat="12.9703412" lon="79.1542462"/>
 <node id="10946063211" visible="true" version="2" changeset="184217568" timestamp="2026-06-17T09:33:53Z" user="TheLNL" uid="21256080" lat="12.9697220" lon="79.1542614"/>
 <node id="11174394334" visible="true" version="2" changeset="183384353" timestamp="2026-05-30T06:09:39Z" user="TheLNL" uid="21256080" lat="12.9656704" lon="79.1674503"/>
 <node id="11288398815" visible="true" version="1" changeset="143107235" timestamp="2023-10-25T10:17:57Z" user="rajanik" uid="18812448" lat="12.9688477" lon="79.1438339"/>
 <node id="11288398826" visible="true" version="1" changeset="143107235" timestamp="2023-10-25T10:17:57Z" user="rajanik" uid="18812448" lat="12.9688097" lon="79.1432653"/>
 <node id="11288398834" visible="true" version="1" changeset="143107235" timestamp="2023-10-25T10:17:57Z" user="rajanik" uid="18812448" lat="12.9688976" lon="79.1449391"/>
 <node id="11869190395" visible="true" version="2" changeset="186492098" timestamp="2026-07-28T01:42:50Z" user="TheLNL" uid="21256080" lat="12.9692798" lon="79.1581303">
  <tag k="brand" v="Samsung"/>
  <tag k="brand:wikidata" v="Q20718"/>
  <tag k="check_date" v="2026-07-28"/>
  <tag k="name" v="Samsung"/>
  <tag k="shop" v="electronics"/>
 </node>
 <node id="11869193495" visible="true" version="2" changeset="187457497" timestamp="2026-08-14T18:19:43Z" user="TheLNL" uid="21256080" lat="12.9697356" lon="79.1567929">
  <tag k="amenity" v="cafe"/>
  <tag k="check_date" v="2026-08-14"/>
  <tag k="cuisine" v="coffee_shop"/>
  <tag k="name" v="Nescafe"/>
  <tag k="outdoor_seating" v="yes"/>
 </node>
 <node id="11869193496" visible="true" version="3" changeset="186492098" timestamp="2026-07-28T01:42:50Z" user="TheLNL" uid="21256080" lat="12.9694053" lon="79.1580766">
  <tag k="amenity" v="ice_cream"/>
  <tag k="check_date" v="2026-07-28"/>
  <tag k="name" v="Amul"/>
  <tag k="outdoor_seating" v="no"/>
 </node>
 <node id="11973812133" visible="true" version="3" changeset="187601699" timestamp="2026-08-17T17:53:39Z" user="Chandra Sekhar Csk Kilari" uid="14769664" lat="12.9662825" lon="79.1632350"/>
 <node id="11986853366" visible="true" version="1" changeset="152785031" timestamp="2024-06-17T05:06:32Z" user="iamsaurabhc" uid="19505666" lat="12.9680609" lon="79.1545704"/>
 <node id="12468536273" visible="true" version="1" changeset="160899101" timestamp="2025-01-02T09:51:06Z" user="kunalchhapre" uid="19795114" lat="12.9667114" lon="79.1383634"/>
 <node id="12841584195" visible="true" version="2" changeset="183384353" timestamp="2026-05-30T06:09:39Z" user="TheLNL" uid="21256080" lat="12.9659230" lon="79.1656130"/>
 <node id="12841584202" visible="true" version="1" changeset="166340232" timestamp="2025-05-16T09:30:04Z" user="quoc_doananh" uid="21732264" lat="12.9658360" lon="79.1662426"/>
 <node id="12850006662" visible="true" version="1" changeset="166502836" timestamp="2025-05-20T02:52:24Z" user="quoc_doananh" uid="21732264" lat="12.9637164" lon="79.1556521"/>
 <node id="13130985675" visible="true" version="1" changeset="171688681" timestamp="2025-09-09T14:06:03Z" user="Sudharshini Manikandan" uid="23273726" lat="12.9679770" lon="79.1549723"/>
 <node id="13130985676" visible="true" version="1" changeset="171688681" timestamp="2025-09-09T14:06:03Z" user="Sudharshini Manikandan" uid="23273726" lat="12.9679860" lon="79.1550900"/>
 <node id="13130985677" visible="true" version="1" changeset="171688681" timestamp="2025-09-09T14:06:03Z" user="Sudharshini Manikandan" uid="23273726" lat="12.9676510" lon="79.1551061"/>
 <node id="13130985678" visible="true" version="1" changeset="171688681" timestamp="2025-09-09T14:06:03Z" user="Sudharshini Manikandan" uid="23273726" lat="12.9676398" lon="79.1549793"/>
 <node id="13131033545" visible="true" version="2" changeset="184548450" timestamp="2026-06-24T21:47:19Z" user="TheLNL" uid="21256080" lat="12.9686400" lon="79.1543391"/>
 <node id="13131033546" visible="true" version="2" changeset="184548450" timestamp="2026-06-24T21:47:19Z" user="TheLNL" uid="21256080" lat="12.9686484" lon="79.1544654"/>
 <node id="13131033547" visible="true" version="2" changeset="184548450" timestamp="2026-06-24T21:47:19Z" user="TheLNL" uid="21256080" lat="12.9685000" lon="79.1544759"/>
 <node id="13131033548" visible="true" version="2" changeset="184548450" timestamp="2026-06-24T21:47:19Z" user="TheLNL" uid="21256080" lat="12.9684915" lon="79.1543495"/>
 <node id="13164929550" visible="true" version="2" changeset="187420742" timestamp="2026-08-14T04:13:11Z" user="TheLNL" uid="21256080" lat="12.9683737" lon="79.1559169">
  <tag k="barrier" v="gate"/>
  <tag k="bicycle" v="permissive"/>
  <tag k="foot" v="permissive"/>
  <tag k="horse" v="no"/>
  <tag k="locked" v="yes"/>
  <tag k="material" v="metal"/>
  <tag k="motor_vehicle" v="permissive"/>
  <tag k="wheelchair" v="yes"/>
 </node>
 <node id="13164955303" visible="true" version="1" changeset="172337357" timestamp="2025-09-23T10:54:03Z" user="PalMaper" uid="13262539" lat="12.9660439" lon="79.1651767"/>
 <node id="13313692445" visible="true" version="1" changeset="174818417" timestamp="2025-11-18T14:17:50Z" user="PalMaper" uid="13262539" lat="12.9661500" lon="79.1640473"/>
 <node id="13318861531" visible="true" version="1" changeset="174896645" timestamp="2025-11-20T09:05:32Z" user="PalMaper" uid="13262539" lat="12.9708922" lon="79.1583090">
  <tag k="crossing" v="uncontrolled"/>
  <tag k="crossing:markings" v="yes"/>
  <tag k="highway" v="crossing"/>
 </node>
 <node id="13318878727" visible="true" version="1" changeset="174897320" timestamp="2025-11-20T09:22:40Z" user="PalMaper" uid="13262539" lat="12.9709732" lon="79.1586792"/>
 <node id="13318878729" visible="true" version="1" changeset="174897320" timestamp="2025-11-20T09:22:40Z" user="PalMaper" uid="13262539" lat="12.9695189" lon="79.1586582"/>
 <node id="13318878730" visible="true" version="1" changeset="174897320" timestamp="2025-11-20T09:22:40Z" user="PalMaper" uid="13262539" lat="12.9688439" lon="79.1586262"/>
 <node id="13318878731" visible="true" version="1" changeset="174897320" timestamp="2025-11-20T09:22:40Z" user="PalMaper" uid="13262539" lat="12.9687863" lon="79.1585485"/>
 <node id="13318878732" visible="true" version="1" changeset="174897320" timestamp="2025-11-20T09:22:40Z" user="PalMaper" uid="13262539" lat="12.9688079" lon="79.1573013"/>
 <node id="13318878733" visible="true" version="1" changeset="174897320" timestamp="2025-11-20T09:22:40Z" user="PalMaper" uid="13262539" lat="12.9688535" lon="79.1572496"/>
 <node id="13318878734" visible="true" version="2" changeset="187186729" timestamp="2026-08-09T15:42:35Z" user="TheLNL" uid="21256080" lat="12.9695614" lon="79.1572759"/>
 <node id="13318878736" visible="true" version="1" changeset="174897320" timestamp="2025-11-20T09:22:40Z" user="PalMaper" uid="13262539" lat="12.9695849" lon="79.1585683"/>
 <node id="13318878737" visible="true" version="2" changeset="186211486" timestamp="2026-07-23T03:56:34Z" user="TheLNL" uid="21256080" lat="12.9697279" lon="79.1585625">
  <tag k="crossing" v="uncontrolled"/>
  <tag k="crossing:markings" v="yes"/>
  <tag k="highway" v="crossing"/>
 </node>
 <node id="13318878740" visible="true" version="2" changeset="187420742" timestamp="2026-08-14T04:13:11Z" user="TheLNL" uid="21256080" lat="12.9688146" lon="79.1571582"/>
 <node id="13318878741" visible="true" version="1" changeset="174897320" timestamp="2025-11-20T09:22:40Z" user="PalMaper" uid="13262539" lat="12.9688288" lon="79.1565976"/>
 <node id="13318878742" visible="true" version="1" changeset="174897320" timestamp="2025-11-20T09:22:40Z" user="PalMaper" uid="13262539" lat="12.9696138" lon="79.1565983"/>
 <node id="13318878743" visible="true" version="1" changeset="174897320" timestamp="2025-11-20T09:22:40Z" user="PalMaper" uid="13262539" lat="12.9695938" lon="79.1571611"/>
 <node id="13318878744" visible="true" version="1" changeset="174897320" timestamp="2025-11-20T09:22:40Z" user="PalMaper" uid="13262539" lat="12.9695613" lon="79.1571872"/>
 <node id="13318878745" visible="true" version="2" changeset="187420742" timestamp="2026-08-14T04:13:11Z" user="TheLNL" uid="21256080" lat="12.9688743" lon="79.1571822"/>
 <node id="13318878746" visible="true" version="2" changeset="187420742" timestamp="2026-08-14T04:13:11Z" user="TheLNL" uid="21256080" lat="12.9688553" lon="79.1571790"/>
 <node id="13318878747" visible="true" version="1" changeset="174897320" timestamp="2025-11-20T09:22:40Z" user="PalMaper" uid="13262539" lat="12.9688545" lon="79.1572053">
  <tag k="crossing" v="uncontrolled"/>
  <tag k="crossing:markings" v="yes"/>
  <tag k="highway" v="crossing"/>
 </node>
 <node id="13318878748" visible="true" version="2" changeset="187420742" timestamp="2026-08-14T04:13:11Z" user="TheLNL" uid="21256080" lat="12.9688385" lon="79.1564995"/>
 <node id="13318878749" visible="true" version="1" changeset="174897320" timestamp="2025-11-20T09:22:40Z" user="PalMaper" uid="13262539" lat="12.9688581" lon="79.1553767"/>
 <node id="13318878750" visible="true" version="1" changeset="174897320" timestamp="2025-11-20T09:22:40Z" user="PalMaper" uid="13262539" lat="12.9696370" lon="79.1553734"/>
 <node id="13318878751" visible="true" version="1" changeset="174897320" timestamp="2025-11-20T09:22:40Z" user="PalMaper" uid="13262539" lat="12.9696338" lon="79.1557946"/>
 <node id="13318878752" visible="true" version="1" changeset="174897320" timestamp="2025-11-20T09:22:40Z" user="PalMaper" uid="13262539" lat="12.9696275" lon="79.1560434"/>
 <node id="13318878753" visible="true" version="1" changeset="174897320" timestamp="2025-11-20T09:22:40Z" user="PalMaper" uid="13262539" lat="12.9696005" lon="79.1565053"/>
 <node id="13318878754" visible="true" version="1" changeset="174897320" timestamp="2025-11-20T09:22:40Z" user="PalMaper" uid="13262539" lat="12.9695593" lon="79.1565297"/>
 <node id="13318878755" visible="true" version="1" changeset="174897320" timestamp="2025-11-20T09:22:40Z" user="PalMaper" uid="13262539" lat="12.9688914" lon="79.1565061"/>
 <node id="13318878756" visible="true" version="2" changeset="187420742" timestamp="2026-08-14T04:13:11Z" user="TheLNL" uid="21256080" lat="12.9688898" lon="79.1565870"/>
 <node id="13318878757" visible="true" version="2" changeset="187420742" timestamp="2026-08-14T04:13:11Z" user="TheLNL" uid="21256080" lat="12.9688906" lon="79.1565502">
  <tag k="crossing" v="uncontrolled"/>
  <tag k="crossing:markings" v="yes"/>
  <tag k="highway" v="crossing"/>
 </node>
 <node id="13318878758" visible="true" version="1" changeset="174897320" timestamp="2025-11-20T09:22:40Z" user="PalMaper" uid="13262539" lat="12.9695613" lon="79.1565983"/>
 <node id="13318878759" visible="true" version="2" changeset="187420742" timestamp="2026-08-14T04:13:11Z" user="TheLNL" uid="21256080" lat="12.9695603" lon="79.1565644">
  <tag k="crossing" v="uncontrolled"/>
  <tag k="crossing:markings" v="yes"/>
  <tag k="highway" v="crossing"/>
 </node>
 <node id="13318878760" visible="true" version="2" changeset="187186729" timestamp="2026-08-09T15:42:35Z" user="TheLNL" uid="21256080" lat="12.9695613" lon="79.1572167">
  <tag k="crossing" v="uncontrolled"/>
  <tag k="crossing:markings" v="yes"/>
  <tag k="highway" v="crossing"/>
 </node>
 <node id="13318878761" visible="true" version="2" changeset="186211486" timestamp="2026-07-23T03:56:34Z" user="TheLNL" uid="21256080" lat="12.9698044" lon="79.1581755">
  <tag k="crossing" v="uncontrolled"/>
  <tag k="crossing:markings" v="yes"/>
  <tag k="highway" v="crossing"/>
 </node>
 <node id="13318888570" visible="true" version="1" changeset="174897746" timestamp="2025-11-20T09:33:15Z" user="PalMaper" uid="13262539" lat="12.9709754" lon="79.1581115"/>
 <node id="13318895305" visible="true" version="1" changeset="174897874" timestamp="2025-11-20T09:37:15Z" user="PalMaper" uid="13262539" lat="12.9687996" lon="79.1577815"/>
 <node id="13895178895" visible="true" version="1" changeset="183384353" timestamp="2026-05-30T06:09:39Z" user="TheLNL" uid="21256080" lat="12.9661704" lon="79.1696183"/>
 <node id="13895178900" visible="true" version="1" changeset="183384353" timestamp="2026-05-30T06:09:39Z" user="TheLNL" uid="21256080" lat="12.9656570" lon="79.1679027"/>
 <node id="13895225245" visible="true" version="1" changeset="183384353" timestamp="2026-05-30T06:09:39Z" user="TheLNL" uid="21256080" lat="12.9661369" lon="79.1641233"/>
 <node id="13895225293" visible="true" version="1" changeset="183384353" timestamp="2026-05-30T06:09:39Z" user="TheLNL" uid="21256080" lat="12.9659264" lon="79.1660095"/>
 <node id="13895225296" visible="true" version="1" changeset="183384353" timestamp="2026-05-30T06:09:39Z" user="TheLNL" uid="21256080" lat="12.9658705" lon="79.1664056"/>
 <node id="13895225304" visible="true" version="1" changeset="183384353" timestamp="2026-05-30T06:09:39Z" user="TheLNL" uid="21256080" lat="12.9663584" lon="79.1699789"/>
 <node id="13895225311" visible="true" version="1" changeset="183384353" timestamp="2026-05-30T06:09:39Z" user="TheLNL" uid="21256080" lat="12.9659312" lon="79.1685944"/>
 <node id="13895225350" visible="true" version="1" changeset="183384353" timestamp="2026-05-30T06:09:39Z" user="TheLNL" uid="21256080" lat="12.9671091" lon="79.1596910"/>
 <node id="13895225355" visible="true" version="1" changeset="183384353" timestamp="2026-05-30T06:09:39Z" user="TheLNL" uid="21256080" lat="12.9670169" lon="79.1600812"/>
 <node id="13895225357" visible="true" version="1" changeset="183384353" timestamp="2026-05-30T06:09:39Z" user="TheLNL" uid="21256080" lat="12.9654788" lon="79.1562223"/>
 <node id="13895225359" visible="true" version="1" changeset="183384353" timestamp="2026-05-30T06:09:39Z" user="TheLNL" uid="21256080" lat="12.9673962" lon="79.1548216"/>
 <node id="13895225360" visible="true" version="1" changeset="183384353" timestamp="2026-05-30T06:09:39Z" user="TheLNL" uid="21256080" lat="12.9675738" lon="79.1548178"/>
 <node id="13895225361" visible="true" version="1" changeset="183384353" timestamp="2026-05-30T06:09:39Z" user="TheLNL" uid="21256080" lat="12.9673242" lon="79.1548231"/>
 <node id="13895225362" visible="true" version="1" changeset="183384353" timestamp="2026-05-30T06:09:39Z" user="TheLNL" uid="21256080" lat="12.9671975" lon="79.1548164"/>
 <node id="13895225363" visible="true" version="1" changeset="183384353" timestamp="2026-05-30T06:09:39Z" user="TheLNL" uid="21256080" lat="12.9670759" lon="79.1547789"/>
 <node id="13895225364" visible="true" version="1" changeset="183384353" timestamp="2026-05-30T06:09:39Z" user="TheLNL" uid="21256080" lat="12.9669766" lon="79.1547292"/>
 <node id="13895225383" visible="true" version="1" changeset="183384353" timestamp="2026-05-30T06:09:39Z" user="TheLNL" uid="21256080" lat="12.9658254" lon="79.1563109"/>
 <node id="13895225386" visible="true" version="1" changeset="183384353" timestamp="2026-05-30T06:09:39Z" user="TheLNL" uid="21256080" lat="12.9664205" lon="79.1564646"/>
 <node id="13895225387" visible="true" version="1" changeset="183384353" timestamp="2026-05-30T06:09:39Z" user="TheLNL" uid="21256080" lat="12.9669545" lon="79.1566345"/>
 <node id="13895225390" visible="true" version="1" changeset="183384353" timestamp="2026-05-30T06:09:39Z" user="TheLNL" uid="21256080" lat="12.9672529" lon="79.1567667"/>
 <node id="13895225391" visible="true" version="1" changeset="183384353" timestamp="2026-05-30T06:09:39Z" user="TheLNL" uid="21256080" lat="12.9675041" lon="79.1581403"/>
 <node id="13895225392" visible="true" version="1" changeset="183384353" timestamp="2026-05-30T06:09:39Z" user="TheLNL" uid="21256080" lat="12.9673491" lon="79.1587470"/>
 <node id="13895241316" visible="true" version="1" changeset="183384744" timestamp="2026-05-30T06:26:18Z" user="TheLNL" uid="21256080" lat="12.9576761" lon="79.1542802"/>
 <node id="13897531414" visible="true" version="1" changeset="183416069" timestamp="2026-05-30T19:50:35Z" user="TheLNL" uid="21256080" lat="12.9679251" lon="79.1515397"/>
 <node id="13916667486" visible="true" version="1" changeset="183765380" timestamp="2026-06-07T06:41:35Z" user="TheLNL" uid="21256080" lat="12.9688714" lon="79.1577798"/>
 <node id="13916667487" visible="true" version="1" changeset="183765380" timestamp="2026-06-07T06:41:35Z" user="TheLNL" uid="21256080" lat="12.9688728" lon="79.1577013"/>
 <node id="13916667488" visible="true" version="1" changeset="183765380" timestamp="2026-06-07T06:41:35Z" user="TheLNL" uid="21256080" lat="12.9688960" lon="79.1577803"/>
 <node id="13916667489" visible="true" version="1" changeset="183765380" timestamp="2026-06-07T06:41:35Z" user="TheLNL" uid="21256080" lat="12.9688974" lon="79.1577018"/>
 <node id="13916667490" visible="true" version="1" changeset="183765380" timestamp="2026-06-07T06:41:35Z" user="TheLNL" uid="21256080" lat="12.9693989" lon="79.1577918"/>
 <node id="13916667491" visible="true" version="1" changeset="183765380" timestamp="2026-06-07T06:41:35Z" user="TheLNL" uid="21256080" lat="12.9693989" lon="79.1577698"/>
 <node id="13916667492" visible="true" version="1" changeset="183765380" timestamp="2026-06-07T06:41:35Z" user="TheLNL" uid="21256080" lat="12.9694214" lon="79.1577699"/>
 <node id="13916667493" visible="true" version="1" changeset="183765380" timestamp="2026-06-07T06:41:35Z" user="TheLNL" uid="21256080" lat="12.9694215" lon="79.1577483"/>
 <node id="13916667494" visible="true" version="1" changeset="183765380" timestamp="2026-06-07T06:41:35Z" user="TheLNL" uid="21256080" lat="12.9694771" lon="79.1577484"/>
 <node id="13916667495" visible="true" version="1" changeset="183765380" timestamp="2026-06-07T06:41:35Z" user="TheLNL" uid="21256080" lat="12.9694697" lon="79.1578739"/>
 <node id="13916667496" visible="true" version="1" changeset="183765380" timestamp="2026-06-07T06:41:35Z" user="TheLNL" uid="21256080" lat="12.9694113" lon="79.1579083"/>
 <node id="13916667497" visible="true" version="1" changeset="183765380" timestamp="2026-06-07T06:41:35Z" user="TheLNL" uid="21256080" lat="12.9693460" lon="79.1577917"/>
 <node id="13916667498" visible="true" version="1" changeset="183765380" timestamp="2026-06-07T06:41:35Z" user="TheLNL" uid="21256080" lat="12.9691861" lon="79.1576989"/>
 <node id="13916667499" visible="true" version="1" changeset="183765380" timestamp="2026-06-07T06:41:35Z" user="TheLNL" uid="21256080" lat="12.9691845" lon="79.1577683"/>
 <node id="13916667500" visible="true" version="1" changeset="183765380" timestamp="2026-06-07T06:41:35Z" user="TheLNL" uid="21256080" lat="12.9692423" lon="79.1578043"/>
 <node id="13916669601" visible="true" version="1" changeset="183765380" timestamp="2026-06-07T06:41:35Z" user="TheLNL" uid="21256080" lat="12.9693016" lon="79.1577710"/>
 <node id="13916669602" visible="true" version="1" changeset="183765380" timestamp="2026-06-07T06:41:35Z" user="TheLNL" uid="21256080" lat="12.9693031" lon="79.1577016"/>
 <node id="13916669603" visible="true" version="1" changeset="183765380" timestamp="2026-06-07T06:41:35Z" user="TheLNL" uid="21256080" lat="12.9692454" lon="79.1576656"/>
 <node id="13916669604" visible="true" version="1" changeset="183765380" timestamp="2026-06-07T06:41:35Z" user="TheLNL" uid="21256080" lat="12.9693091" lon="79.1579727"/>
 <node id="13916669605" visible="true" version="1" changeset="183765380" timestamp="2026-06-07T06:41:35Z" user="TheLNL" uid="21256080" lat="12.9692613" lon="79.1578856"/>
 <node id="13916669606" visible="true" version="1" changeset="183765380" timestamp="2026-06-07T06:41:35Z" user="TheLNL" uid="21256080" lat="12.9692458" lon="79.1578748"/>
 <node id="13916669607" visible="true" version="1" changeset="183765380" timestamp="2026-06-07T06:41:35Z" user="TheLNL" uid="21256080" lat="12.9692310" lon="79.1580173"/>
 <node id="13916669608" visible="true" version="1" changeset="183765380" timestamp="2026-06-07T06:41:35Z" user="TheLNL" uid="21256080" lat="12.9691764" lon="79.1579791"/>
 <node id="13916669609" visible="true" version="1" changeset="183765380" timestamp="2026-06-07T06:41:35Z" user="TheLNL" uid="21256080" lat="12.9690423" lon="79.1576768"/>
 <node id="13916669610" visible="true" version="1" changeset="183765380" timestamp="2026-06-07T06:41:35Z" user="TheLNL" uid="21256080" lat="12.9690040" lon="79.1576763"/>
 <node id="13916669611" visible="true" version="1" changeset="183765380" timestamp="2026-06-07T06:41:35Z" user="TheLNL" uid="21256080" lat="12.9690851" lon="79.1575441"/>
 <node id="13916669612" visible="true" version="1" changeset="183765380" timestamp="2026-06-07T06:41:35Z" user="TheLNL" uid="21256080" lat="12.9691595" lon="79.1576797"/>
 <node id="13916669613" visible="true" version="1" changeset="183765380" timestamp="2026-06-07T06:41:35Z" user="TheLNL" uid="21256080" lat="12.9691591" lon="79.1577209"/>
 <node id="13916669614" visible="true" version="1" changeset="183765380" timestamp="2026-06-07T06:41:35Z" user="TheLNL" uid="21256080" lat="12.9690419" lon="79.1577196"/>
 <node id="13916669615" visible="true" version="1" changeset="183765380" timestamp="2026-06-07T06:41:35Z" user="TheLNL" uid="21256080" lat="12.9690049" lon="79.1575905"/>
 <node id="13916669616" visible="true" version="1" changeset="183765380" timestamp="2026-06-07T06:41:35Z" user="TheLNL" uid="21256080" lat="12.9692252" lon="79.1574981"/>
 <node id="13916669617" visible="true" version="1" changeset="183765380" timestamp="2026-06-07T06:41:35Z" user="TheLNL" uid="21256080" lat="12.9692804" lon="79.1575309"/>
 <node id="13916669618" visible="true" version="1" changeset="183765380" timestamp="2026-06-07T06:41:35Z" user="TheLNL" uid="21256080" lat="12.9692492" lon="79.1575863"/>
 <node id="13916669619" visible="true" version="1" changeset="183765380" timestamp="2026-06-07T06:41:35Z" user="TheLNL" uid="21256080" lat="12.9691924" lon="79.1574852"/>
 <node id="13916669620" visible="true" version="1" changeset="183765380" timestamp="2026-06-07T06:41:35Z" user="TheLNL" uid="21256080" lat="12.9692526" lon="79.1574497"/>
 <node id="13916669621" visible="true" version="1" changeset="183765380" timestamp="2026-06-07T06:41:35Z" user="TheLNL" uid="21256080" lat="12.9691585" lon="79.1577860"/>
 <node id="13916669622" visible="true" version="1" changeset="183765380" timestamp="2026-06-07T06:41:35Z" user="TheLNL" uid="21256080" lat="12.9691648" lon="79.1577910"/>
 <node id="13916669623" visible="true" version="1" changeset="183765380" timestamp="2026-06-07T06:41:35Z" user="TheLNL" uid="21256080" lat="12.9690745" lon="79.1579266"/>
 <node id="13916669624" visible="true" version="1" changeset="183765380" timestamp="2026-06-07T06:41:35Z" user="TheLNL" uid="21256080" lat="12.9689984" lon="79.1578782"/>
 <node id="13916669625" visible="true" version="1" changeset="183765380" timestamp="2026-06-07T06:41:35Z" user="TheLNL" uid="21256080" lat="12.9689987" lon="79.1577497"/>
 <node id="13916669626" visible="true" version="1" changeset="183765380" timestamp="2026-06-07T06:41:35Z" user="TheLNL" uid="21256080" lat="12.9691588" lon="79.1577501"/>
 <node id="13916669627" visible="true" version="1" changeset="183765380" timestamp="2026-06-07T06:41:35Z" user="TheLNL" uid="21256080" lat="12.9694081" lon="79.1576810"/>
 <node id="13916669628" visible="true" version="1" changeset="183765380" timestamp="2026-06-07T06:41:35Z" user="TheLNL" uid="21256080" lat="12.9694526" lon="79.1576811"/>
 <node id="13916669629" visible="true" version="1" changeset="183765380" timestamp="2026-06-07T06:41:35Z" user="TheLNL" uid="21256080" lat="12.9694525" lon="79.1577194"/>
 <node id="13916669630" visible="true" version="1" changeset="183765380" timestamp="2026-06-07T06:41:35Z" user="TheLNL" uid="21256080" lat="12.9694081" lon="79.1577193"/>
 <node id="13916669631" visible="true" version="1" changeset="183765380" timestamp="2026-06-07T06:41:35Z" user="TheLNL" uid="21256080" lat="12.9693304" lon="79.1576857"/>
 <node id="13916669632" visible="true" version="1" changeset="183765380" timestamp="2026-06-07T06:41:35Z" user="TheLNL" uid="21256080" lat="12.9693309" lon="79.1577191"/>
 <node id="13916669633" visible="true" version="1" changeset="183765380" timestamp="2026-06-07T06:41:35Z" user="TheLNL" uid="21256080" lat="12.9694783" lon="79.1577194"/>
 <node id="13916669634" visible="true" version="1" changeset="183765380" timestamp="2026-06-07T06:41:35Z" user="TheLNL" uid="21256080" lat="12.9694803" lon="79.1575989"/>
 <node id="13916669635" visible="true" version="1" changeset="183765380" timestamp="2026-06-07T06:41:35Z" user="TheLNL" uid="21256080" lat="12.9694042" lon="79.1575513"/>
 <node id="13916669636" visible="true" version="1" changeset="183765380" timestamp="2026-06-07T06:41:35Z" user="TheLNL" uid="21256080" lat="12.9693244" lon="79.1576817"/>
 <node id="13946181934" visible="true" version="1" changeset="184197722" timestamp="2026-06-16T19:38:38Z" user="TheLNL" uid="21256080" lat="12.9676001" lon="79.1585524"/>
 <node id="13946181935" visible="true" version="1" changeset="184197722" timestamp="2026-06-16T19:38:38Z" user="TheLNL" uid="21256080" lat="12.9676199" lon="79.1584829"/>
 <node id="13946181936" visible="true" version="1" changeset="184197722" timestamp="2026-06-16T19:38:38Z" user="TheLNL" uid="21256080" lat="12.9676512" lon="79.1584831"/>
 <node id="13946181937" visible="true" version="1" changeset="184197722" timestamp="2026-06-16T19:38:38Z" user="TheLNL" uid="21256080" lat="12.9676628" lon="79.1584951"/>
 <node id="13946181938" visible="true" version="1" changeset="184197722" timestamp="2026-06-16T19:38:38Z" user="TheLNL" uid="21256080" lat="12.9676624" lon="79.1585708"/>
 <node id="13946181939" visible="true" version="1" changeset="184197722" timestamp="2026-06-16T19:38:38Z" user="TheLNL" uid="21256080" lat="12.9676000" lon="79.1585705"/>
 <node id="13946181940" visible="true" version="1" changeset="184197722" timestamp="2026-06-16T19:38:38Z" user="TheLNL" uid="21256080" lat="12.9679577" lon="79.1579621"/>
 <node id="13946181941" visible="true" version="1" changeset="184197722" timestamp="2026-06-16T19:38:38Z" user="TheLNL" uid="21256080" lat="12.9679513" lon="79.1582629"/>
 <node id="13946181942" visible="true" version="1" changeset="184197722" timestamp="2026-06-16T19:38:38Z" user="TheLNL" uid="21256080" lat="12.9681084" lon="79.1582664"/>
 <node id="13946181943" visible="true" version="1" changeset="184197722" timestamp="2026-06-16T19:38:38Z" user="TheLNL" uid="21256080" lat="12.9681148" lon="79.1579656"/>
 <node id="13946181944" visible="true" version="1" changeset="184197722" timestamp="2026-06-16T19:38:38Z" user="TheLNL" uid="21256080" lat="12.9684136" lon="79.1585423"/>
 <node id="13946181945" visible="true" version="1" changeset="184197722" timestamp="2026-06-16T19:38:38Z" user="TheLNL" uid="21256080" lat="12.9684139" lon="79.1585243"/>
 <node id="13946181946" visible="true" version="1" changeset="184197722" timestamp="2026-06-16T19:38:38Z" user="TheLNL" uid="21256080" lat="12.9684139" lon="79.1584829"/>
 <node id="13946181947" visible="true" version="1" changeset="184197722" timestamp="2026-06-16T19:38:38Z" user="TheLNL" uid="21256080" lat="12.9684135" lon="79.1585136"/>
 <node id="13946181948" visible="true" version="1" changeset="184197722" timestamp="2026-06-16T19:38:38Z" user="TheLNL" uid="21256080" lat="12.9683812" lon="79.1585458"/>
 <node id="13946181949" visible="true" version="1" changeset="184197722" timestamp="2026-06-16T19:38:38Z" user="TheLNL" uid="21256080" lat="12.9683492" lon="79.1585454"/>
 <node id="13946181950" visible="true" version="1" changeset="184197722" timestamp="2026-06-16T19:38:38Z" user="TheLNL" uid="21256080" lat="12.9683815" lon="79.1585239"/>
 <node id="13946181951" visible="true" version="1" changeset="184197722" timestamp="2026-06-16T19:38:38Z" user="TheLNL" uid="21256080" lat="12.9683495" lon="79.1585234"/>
 <node id="13946181952" visible="true" version="1" changeset="184197722" timestamp="2026-06-16T19:38:38Z" user="TheLNL" uid="21256080" lat="12.9682645" lon="79.1585731"/>
 <node id="13946181953" visible="true" version="1" changeset="184197722" timestamp="2026-06-16T19:38:38Z" user="TheLNL" uid="21256080" lat="12.9682652" lon="79.1585222"/>
 <node id="13946181954" visible="true" version="1" changeset="184197722" timestamp="2026-06-16T19:38:38Z" user="TheLNL" uid="21256080" lat="12.9684399" lon="79.1584832"/>
 <node id="13946181955" visible="true" version="1" changeset="184197722" timestamp="2026-06-16T19:38:38Z" user="TheLNL" uid="21256080" lat="12.9683800" lon="79.1585132"/>
 <node id="13946181956" visible="true" version="1" changeset="184197722" timestamp="2026-06-16T19:38:38Z" user="TheLNL" uid="21256080" lat="12.9684391" lon="79.1585427"/>
 <node id="13946181957" visible="true" version="1" changeset="184197722" timestamp="2026-06-16T19:38:38Z" user="TheLNL" uid="21256080" lat="12.9683816" lon="79.1583991"/>
 <node id="13946181958" visible="true" version="1" changeset="184197722" timestamp="2026-06-16T19:38:38Z" user="TheLNL" uid="21256080" lat="12.9681208" lon="79.1583245"/>
 <node id="13946181959" visible="true" version="1" changeset="184197722" timestamp="2026-06-16T19:38:38Z" user="TheLNL" uid="21256080" lat="12.9681214" lon="79.1582854"/>
 <node id="13946181960" visible="true" version="1" changeset="184197722" timestamp="2026-06-16T19:38:38Z" user="TheLNL" uid="21256080" lat="12.9680368" lon="79.1582960"/>
 <node id="13946181961" visible="true" version="1" changeset="184197722" timestamp="2026-06-16T19:38:38Z" user="TheLNL" uid="21256080" lat="12.9680933" lon="79.1583241"/>
 <node id="13946181962" visible="true" version="1" changeset="184197722" timestamp="2026-06-16T19:38:38Z" user="TheLNL" uid="21256080" lat="12.9680510" lon="79.1582844"/>
 <node id="13946181963" visible="true" version="1" changeset="184197722" timestamp="2026-06-16T19:38:38Z" user="TheLNL" uid="21256080" lat="12.9680426" lon="79.1585057"/>
 <node id="13946181964" visible="true" version="1" changeset="184197722" timestamp="2026-06-16T19:38:38Z" user="TheLNL" uid="21256080" lat="12.9680437" lon="79.1584244"/>
 <node id="13946181965" visible="true" version="1" changeset="184197722" timestamp="2026-06-16T19:38:38Z" user="TheLNL" uid="21256080" lat="12.9680365" lon="79.1584243"/>
 <node id="13946181966" visible="true" version="1" changeset="184197722" timestamp="2026-06-16T19:38:38Z" user="TheLNL" uid="21256080" lat="12.9680372" lon="79.1583752"/>
 <node id="13946181967" visible="true" version="1" changeset="184197722" timestamp="2026-06-16T19:38:38Z" user="TheLNL" uid="21256080" lat="12.9681268" lon="79.1578851"/>
 <node id="13946181968" visible="true" version="1" changeset="184197722" timestamp="2026-06-16T19:38:38Z" user="TheLNL" uid="21256080" lat="12.9681271" lon="79.1578611"/>
 <node id="13946181969" visible="true" version="1" changeset="184197722" timestamp="2026-06-16T19:38:38Z" user="TheLNL" uid="21256080" lat="12.9679082" lon="79.1584017"/>
 <node id="13946181970" visible="true" version="1" changeset="184197722" timestamp="2026-06-16T19:38:38Z" user="TheLNL" uid="21256080" lat="12.9679078" lon="79.1584322"/>
 <node id="13946181971" visible="true" version="1" changeset="184197722" timestamp="2026-06-16T19:38:38Z" user="TheLNL" uid="21256080" lat="12.9680208" lon="79.1584033"/>
 <node id="13946181972" visible="true" version="1" changeset="184197722" timestamp="2026-06-16T19:38:38Z" user="TheLNL" uid="21256080" lat="12.9678936" lon="79.1584320"/>
 <node id="13946181973" visible="true" version="1" changeset="184197722" timestamp="2026-06-16T19:38:38Z" user="TheLNL" uid="21256080" lat="12.9677297" lon="79.1583024"/>
 <node id="13946181974" visible="true" version="1" changeset="184197722" timestamp="2026-06-16T19:38:38Z" user="TheLNL" uid="21256080" lat="12.9677922" lon="79.1583033"/>
 <node id="13946181975" visible="true" version="1" changeset="184197722" timestamp="2026-06-16T19:38:38Z" user="TheLNL" uid="21256080" lat="12.9679461" lon="79.1582947"/>
 <node id="13946181976" visible="true" version="1" changeset="184197722" timestamp="2026-06-16T19:38:38Z" user="TheLNL" uid="21256080" lat="12.9679424" lon="79.1582588"/>
 <node id="13946181977" visible="true" version="1" changeset="184197722" timestamp="2026-06-16T19:38:38Z" user="TheLNL" uid="21256080" lat="12.9679219" lon="79.1582247"/>
 <node id="13946181978" visible="true" version="1" changeset="184197722" timestamp="2026-06-16T19:38:38Z" user="TheLNL" uid="21256080" lat="12.9679319" lon="79.1582369"/>
 <node id="13946181979" visible="true" version="1" changeset="184197722" timestamp="2026-06-16T19:38:38Z" user="TheLNL" uid="21256080" lat="12.9679217" lon="79.1583736"/>
 <node id="13946181980" visible="true" version="1" changeset="184197722" timestamp="2026-06-16T19:38:38Z" user="TheLNL" uid="21256080" lat="12.9679221" lon="79.1583412"/>
 <node id="13946181981" visible="true" version="1" changeset="184197722" timestamp="2026-06-16T19:38:38Z" user="TheLNL" uid="21256080" lat="12.9679462" lon="79.1582829"/>
 <node id="13946181982" visible="true" version="1" changeset="184197722" timestamp="2026-06-16T19:38:38Z" user="TheLNL" uid="21256080" lat="12.9678949" lon="79.1583408"/>
 <node id="13946181983" visible="true" version="1" changeset="184197722" timestamp="2026-06-16T19:38:38Z" user="TheLNL" uid="21256080" lat="12.9679765" lon="79.1579467"/>
 <node id="13946181984" visible="true" version="1" changeset="184197722" timestamp="2026-06-16T19:38:38Z" user="TheLNL" uid="21256080" lat="12.9679933" lon="79.1579405"/>
 <node id="13946181985" visible="true" version="1" changeset="184197722" timestamp="2026-06-16T19:38:38Z" user="TheLNL" uid="21256080" lat="12.9680181" lon="79.1579164"/>
 <node id="13946181986" visible="true" version="1" changeset="184197722" timestamp="2026-06-16T19:38:38Z" user="TheLNL" uid="21256080" lat="12.9680247" lon="79.1579006"/>
 <node id="13946181987" visible="true" version="1" changeset="184197722" timestamp="2026-06-16T19:38:38Z" user="TheLNL" uid="21256080" lat="12.9680077" lon="79.1579298"/>
 <node id="13946181988" visible="true" version="1" changeset="184197722" timestamp="2026-06-16T19:38:38Z" user="TheLNL" uid="21256080" lat="12.9679602" lon="79.1579461"/>
 <node id="13946181989" visible="true" version="1" changeset="184197722" timestamp="2026-06-16T19:38:38Z" user="TheLNL" uid="21256080" lat="12.9680823" lon="79.1579150"/>
 <node id="13946181990" visible="true" version="1" changeset="184197722" timestamp="2026-06-16T19:38:38Z" user="TheLNL" uid="21256080" lat="12.9680825" lon="79.1578959"/>
 <node id="13946181991" visible="true" version="1" changeset="184197722" timestamp="2026-06-16T19:38:38Z" user="TheLNL" uid="21256080" lat="12.9680543" lon="79.1578955"/>
 <node id="13946181992" visible="true" version="1" changeset="184197722" timestamp="2026-06-16T19:38:38Z" user="TheLNL" uid="21256080" lat="12.9681021" lon="79.1579152"/>
 <node id="13946181993" visible="true" version="1" changeset="184197722" timestamp="2026-06-16T19:38:38Z" user="TheLNL" uid="21256080" lat="12.9680544" lon="79.1578841"/>
 <node id="13946181994" visible="true" version="1" changeset="184197722" timestamp="2026-06-16T19:38:38Z" user="TheLNL" uid="21256080" lat="12.9680270" lon="79.1578837"/>
 <node id="13946181995" visible="true" version="1" changeset="184197722" timestamp="2026-06-16T19:38:38Z" user="TheLNL" uid="21256080" lat="12.9681025" lon="79.1578847"/>
 <node id="13946181996" visible="true" version="1" changeset="184197722" timestamp="2026-06-16T19:38:38Z" user="TheLNL" uid="21256080" lat="12.9681045" lon="79.1578607"/>
 <node id="13946181997" visible="true" version="1" changeset="184197722" timestamp="2026-06-16T19:38:38Z" user="TheLNL" uid="21256080" lat="12.9679752" lon="79.1578137"/>
 <node id="13946181998" visible="true" version="1" changeset="184197722" timestamp="2026-06-16T19:38:38Z" user="TheLNL" uid="21256080" lat="12.9679751" lon="79.1578237"/>
 <node id="13946181999" visible="true" version="1" changeset="184197722" timestamp="2026-06-16T19:38:38Z" user="TheLNL" uid="21256080" lat="12.9678887" lon="79.1578225"/>
 <node id="13946182000" visible="true" version="1" changeset="184197722" timestamp="2026-06-16T19:38:38Z" user="TheLNL" uid="21256080" lat="12.9678878" lon="79.1578916"/>
 <node id="13946184801" visible="true" version="1" changeset="184197722" timestamp="2026-06-16T19:38:38Z" user="TheLNL" uid="21256080" lat="12.9678781" lon="79.1578914"/>
 <node id="13946184802" visible="true" version="1" changeset="184197722" timestamp="2026-06-16T19:38:38Z" user="TheLNL" uid="21256080" lat="12.9678777" lon="79.1579241"/>
 <node id="13946184803" visible="true" version="1" changeset="184197722" timestamp="2026-06-16T19:38:38Z" user="TheLNL" uid="21256080" lat="12.9678703" lon="79.1579240"/>
 <node id="13946184804" visible="true" version="1" changeset="184197722" timestamp="2026-06-16T19:38:38Z" user="TheLNL" uid="21256080" lat="12.9678698" lon="79.1579567"/>
 <node id="13946184805" visible="true" version="1" changeset="184197722" timestamp="2026-06-16T19:38:38Z" user="TheLNL" uid="21256080" lat="12.9678637" lon="79.1579566"/>
 <node id="13946184806" visible="true" version="1" changeset="184197722" timestamp="2026-06-16T19:38:38Z" user="TheLNL" uid="21256080" lat="12.9678633" lon="79.1579895"/>
 <node id="13946184807" visible="true" version="1" changeset="184197722" timestamp="2026-06-16T19:38:38Z" user="TheLNL" uid="21256080" lat="12.9678556" lon="79.1579894"/>
 <node id="13946184808" visible="true" version="1" changeset="184197722" timestamp="2026-06-16T19:38:38Z" user="TheLNL" uid="21256080" lat="12.9678551" lon="79.1580233"/>
 <node id="13946184809" visible="true" version="1" changeset="184197722" timestamp="2026-06-16T19:38:38Z" user="TheLNL" uid="21256080" lat="12.9678484" lon="79.1580233"/>
 <node id="13946184810" visible="true" version="1" changeset="184197722" timestamp="2026-06-16T19:38:38Z" user="TheLNL" uid="21256080" lat="12.9678480" lon="79.1580559"/>
 <node id="13946184811" visible="true" version="1" changeset="184197722" timestamp="2026-06-16T19:38:38Z" user="TheLNL" uid="21256080" lat="12.9678422" lon="79.1580558"/>
 <node id="13946184812" visible="true" version="1" changeset="184197722" timestamp="2026-06-16T19:38:38Z" user="TheLNL" uid="21256080" lat="12.9678352" lon="79.1581229"/>
 <node id="13946184813" visible="true" version="1" changeset="184197722" timestamp="2026-06-16T19:38:38Z" user="TheLNL" uid="21256080" lat="12.9678277" lon="79.1581545"/>
 <node id="13946184814" visible="true" version="1" changeset="184197722" timestamp="2026-06-16T19:38:38Z" user="TheLNL" uid="21256080" lat="12.9678229" lon="79.1581544"/>
 <node id="13946184815" visible="true" version="1" changeset="184197722" timestamp="2026-06-16T19:38:38Z" user="TheLNL" uid="21256080" lat="12.9678225" lon="79.1581867"/>
 <node id="13946184816" visible="true" version="1" changeset="184197722" timestamp="2026-06-16T19:38:38Z" user="TheLNL" uid="21256080" lat="12.9678138" lon="79.1581865"/>
 <node id="13946184817" visible="true" version="1" changeset="184197722" timestamp="2026-06-16T19:38:38Z" user="TheLNL" uid="21256080" lat="12.9678133" lon="79.1582192"/>
 <node id="13946184818" visible="true" version="1" changeset="184197722" timestamp="2026-06-16T19:38:38Z" user="TheLNL" uid="21256080" lat="12.9678069" lon="79.1582191"/>
 <node id="13946184819" visible="true" version="1" changeset="184197722" timestamp="2026-06-16T19:38:38Z" user="TheLNL" uid="21256080" lat="12.9678065" lon="79.1582526"/>
 <node id="13946184820" visible="true" version="1" changeset="184197722" timestamp="2026-06-16T19:38:38Z" user="TheLNL" uid="21256080" lat="12.9678004" lon="79.1582526"/>
 <node id="13946184821" visible="true" version="1" changeset="184197722" timestamp="2026-06-16T19:38:38Z" user="TheLNL" uid="21256080" lat="12.9681051" lon="79.1578155"/>
 <node id="13946184822" visible="true" version="1" changeset="184197722" timestamp="2026-06-16T19:38:38Z" user="TheLNL" uid="21256080" lat="12.9677270" lon="79.1585066"/>
 <node id="13946184823" visible="true" version="1" changeset="184197722" timestamp="2026-06-16T19:38:38Z" user="TheLNL" uid="21256080" lat="12.9677924" lon="79.1582872"/>
 <node id="13946184824" visible="true" version="1" changeset="184197722" timestamp="2026-06-16T19:38:38Z" user="TheLNL" uid="21256080" lat="12.9680909" lon="79.1585063"/>
 <node id="13946184825" visible="true" version="1" changeset="184197722" timestamp="2026-06-16T19:38:38Z" user="TheLNL" uid="21256080" lat="12.9678281" lon="79.1581228"/>
 <node id="13946184826" visible="true" version="1" changeset="184197722" timestamp="2026-06-16T19:38:38Z" user="TheLNL" uid="21256080" lat="12.9678417" lon="79.1580894"/>
 <node id="13946184827" visible="true" version="1" changeset="184197722" timestamp="2026-06-16T19:38:38Z" user="TheLNL" uid="21256080" lat="12.9678357" lon="79.1580893"/>
 <node id="13946184828" visible="true" version="1" changeset="184197722" timestamp="2026-06-16T19:38:38Z" user="TheLNL" uid="21256080" lat="12.9683684" lon="79.1580948"/>
 <node id="13946184829" visible="true" version="1" changeset="184197722" timestamp="2026-06-16T19:38:38Z" user="TheLNL" uid="21256080" lat="12.9682201" lon="79.1580934"/>
 <node id="13946184830" visible="true" version="1" changeset="184197722" timestamp="2026-06-16T19:38:38Z" user="TheLNL" uid="21256080" lat="12.9682208" lon="79.1580149"/>
 <node id="13946184831" visible="true" version="1" changeset="184197722" timestamp="2026-06-16T19:38:38Z" user="TheLNL" uid="21256080" lat="12.9683691" lon="79.1580163"/>
 <node id="13946184832" visible="true" version="1" changeset="184197722" timestamp="2026-06-16T19:38:38Z" user="TheLNL" uid="21256080" lat="12.9682287" lon="79.1579201"/>
 <node id="13946184833" visible="true" version="1" changeset="184197722" timestamp="2026-06-16T19:38:38Z" user="TheLNL" uid="21256080" lat="12.9683685" lon="79.1579215"/>
 <node id="13946184834" visible="true" version="1" changeset="184197722" timestamp="2026-06-16T19:38:38Z" user="TheLNL" uid="21256080" lat="12.9683678" lon="79.1580009"/>
 <node id="13946184835" visible="true" version="1" changeset="184197722" timestamp="2026-06-16T19:38:38Z" user="TheLNL" uid="21256080" lat="12.9682280" lon="79.1579995"/>
 <node id="13946184836" visible="true" version="1" changeset="184197722" timestamp="2026-06-16T19:38:38Z" user="TheLNL" uid="21256080" lat="12.9684150" lon="79.1579818"/>
 <node id="13946184837" visible="true" version="1" changeset="184197722" timestamp="2026-06-16T19:38:38Z" user="TheLNL" uid="21256080" lat="12.9684137" lon="79.1580887"/>
 <node id="13946184838" visible="true" version="1" changeset="184197722" timestamp="2026-06-16T19:38:38Z" user="TheLNL" uid="21256080" lat="12.9684665" lon="79.1580894"/>
 <node id="13946184839" visible="true" version="1" changeset="184197722" timestamp="2026-06-16T19:38:38Z" user="TheLNL" uid="21256080" lat="12.9684678" lon="79.1579824"/>
 <node id="13946184840" visible="true" version="1" changeset="184197722" timestamp="2026-06-16T19:38:38Z" user="TheLNL" uid="21256080" lat="12.9683860" lon="79.1579344"/>
 <node id="13946184841" visible="true" version="1" changeset="184197722" timestamp="2026-06-16T19:38:38Z" user="TheLNL" uid="21256080" lat="12.9684081" lon="79.1579342"/>
 <node id="13946184842" visible="true" version="1" changeset="184197722" timestamp="2026-06-16T19:38:38Z" user="TheLNL" uid="21256080" lat="12.9683975" lon="79.1579378"/>
 <node id="13946184843" visible="true" version="1" changeset="184197722" timestamp="2026-06-16T19:38:38Z" user="TheLNL" uid="21256080" lat="12.9683785" lon="79.1579247"/>
 <node id="13946184844" visible="true" version="1" changeset="184197722" timestamp="2026-06-16T19:38:38Z" user="TheLNL" uid="21256080" lat="12.9683789" lon="79.1578976"/>
 <node id="13946184845" visible="true" version="1" changeset="184197722" timestamp="2026-06-16T19:38:38Z" user="TheLNL" uid="21256080" lat="12.9683484" lon="79.1578972"/>
 <node id="13946184846" visible="true" version="1" changeset="184197722" timestamp="2026-06-16T19:38:38Z" user="TheLNL" uid="21256080" lat="12.9683482" lon="79.1579160"/>
 <node id="13946184847" visible="true" version="1" changeset="184197722" timestamp="2026-06-16T19:38:38Z" user="TheLNL" uid="21256080" lat="12.9683432" lon="79.1579160"/>
 <node id="13946184848" visible="true" version="1" changeset="184197722" timestamp="2026-06-16T19:38:38Z" user="TheLNL" uid="21256080" lat="12.9683430" lon="79.1579299"/>
 <node id="13946184849" visible="true" version="1" changeset="184197722" timestamp="2026-06-16T19:38:38Z" user="TheLNL" uid="21256080" lat="12.9684150" lon="79.1579252"/>
 <node id="13946184850" visible="true" version="1" changeset="184197722" timestamp="2026-06-16T19:38:38Z" user="TheLNL" uid="21256080" lat="12.9683182" lon="79.1579295"/>
 <node id="13946184851" visible="true" version="1" changeset="184197722" timestamp="2026-06-16T19:38:38Z" user="TheLNL" uid="21256080" lat="12.9684156" lon="79.1578819"/>
 <node id="13946184852" visible="true" version="1" changeset="184197722" timestamp="2026-06-16T19:38:38Z" user="TheLNL" uid="21256080" lat="12.9683189" lon="79.1578805"/>
 <node id="13946184853" visible="true" version="1" changeset="184197722" timestamp="2026-06-16T19:38:38Z" user="TheLNL" uid="21256080" lat="12.9684866" lon="79.1582808"/>
 <node id="13946184854" visible="true" version="1" changeset="184197722" timestamp="2026-06-16T19:38:38Z" user="TheLNL" uid="21256080" lat="12.9681829" lon="79.1582765"/>
 <node id="13946184855" visible="true" version="1" changeset="184197722" timestamp="2026-06-16T19:38:38Z" user="TheLNL" uid="21256080" lat="12.9681883" lon="79.1578787"/>
 <node id="13946184856" visible="true" version="1" changeset="184197722" timestamp="2026-06-16T19:38:38Z" user="TheLNL" uid="21256080" lat="12.9684920" lon="79.1578830"/>
 <node id="13946184857" visible="true" version="1" changeset="184197722" timestamp="2026-06-16T19:38:38Z" user="TheLNL" uid="21256080" lat="12.9682151" lon="79.1585724"/>
 <node id="13946184858" visible="true" version="1" changeset="184197722" timestamp="2026-06-16T19:38:38Z" user="TheLNL" uid="21256080" lat="12.9682182" lon="79.1583456"/>
 <node id="13946184859" visible="true" version="1" changeset="184197722" timestamp="2026-06-16T19:38:38Z" user="TheLNL" uid="21256080" lat="12.9684459" lon="79.1584000"/>
 <node id="13946184860" visible="true" version="1" changeset="184197722" timestamp="2026-06-16T19:38:38Z" user="TheLNL" uid="21256080" lat="12.9682114" lon="79.1583455"/>
 <node id="13946184861" visible="true" version="1" changeset="184197722" timestamp="2026-06-16T19:38:38Z" user="TheLNL" uid="21256080" lat="12.9682116" lon="79.1583269"/>
 <node id="13946184862" visible="true" version="1" changeset="184197722" timestamp="2026-06-16T19:38:38Z" user="TheLNL" uid="21256080" lat="12.9684468" lon="79.1583303"/>
 <node id="13946184863" visible="true" version="1" changeset="184197722" timestamp="2026-06-16T19:38:38Z" user="TheLNL" uid="21256080" lat="12.9681827" lon="79.1584132"/>
 <node id="13946184864" visible="true" version="1" changeset="184197722" timestamp="2026-06-16T19:38:38Z" user="TheLNL" uid="21256080" lat="12.9681874" lon="79.1584133"/>
 <node id="13946184865" visible="true" version="1" changeset="184197722" timestamp="2026-06-16T19:38:38Z" user="TheLNL" uid="21256080" lat="12.9684873" lon="79.1583787"/>
 <node id="13946184866" visible="true" version="1" changeset="184197722" timestamp="2026-06-16T19:38:38Z" user="TheLNL" uid="21256080" lat="12.9684880" lon="79.1583309"/>
 <node id="13946184867" visible="true" version="1" changeset="184197722" timestamp="2026-06-16T19:38:38Z" user="TheLNL" uid="21256080" lat="12.9681839" lon="79.1583266"/>
 <node id="13946184868" visible="true" version="1" changeset="184197722" timestamp="2026-06-16T19:38:38Z" user="TheLNL" uid="21256080" lat="12.9681863" lon="79.1584968"/>
 <node id="13946184869" visible="true" version="1" changeset="184197722" timestamp="2026-06-16T19:38:38Z" user="TheLNL" uid="21256080" lat="12.9681546" lon="79.1584091"/>
 <node id="13946184870" visible="true" version="1" changeset="184197722" timestamp="2026-06-16T19:38:38Z" user="TheLNL" uid="21256080" lat="12.9681550" lon="79.1583809"/>
 <node id="13946184871" visible="true" version="1" changeset="184197722" timestamp="2026-06-16T19:38:38Z" user="TheLNL" uid="21256080" lat="12.9681197" lon="79.1584086"/>
 <node id="13946184872" visible="true" version="1" changeset="184197722" timestamp="2026-06-16T19:38:38Z" user="TheLNL" uid="21256080" lat="12.9681201" lon="79.1583804"/>
 <node id="13946184873" visible="true" version="1" changeset="184197722" timestamp="2026-06-16T19:38:38Z" user="TheLNL" uid="21256080" lat="12.9681697" lon="79.1578247"/>
 <node id="13946184874" visible="true" version="1" changeset="184197722" timestamp="2026-06-16T19:38:38Z" user="TheLNL" uid="21256080" lat="12.9681698" lon="79.1578192"/>
 <node id="13946184875" visible="true" version="1" changeset="184197722" timestamp="2026-06-16T19:38:38Z" user="TheLNL" uid="21256080" lat="12.9685137" lon="79.1578329"/>
 <node id="13946184876" visible="true" version="1" changeset="184197722" timestamp="2026-06-16T19:38:38Z" user="TheLNL" uid="21256080" lat="12.9685138" lon="79.1578242"/>
 <node id="13946184877" visible="true" version="1" changeset="184197941" timestamp="2026-06-16T19:45:33Z" user="TheLNL" uid="21256080" lat="12.9684625" lon="79.1584960"/>
 <node id="13946184878" visible="true" version="1" changeset="184197941" timestamp="2026-06-16T19:45:33Z" user="TheLNL" uid="21256080" lat="12.9685854" lon="79.1584977"/>
 <node id="13946184879" visible="true" version="1" changeset="184197941" timestamp="2026-06-16T19:45:33Z" user="TheLNL" uid="21256080" lat="12.9681711" lon="79.1585501"/>
 <node id="13946184880" visible="true" version="1" changeset="184197941" timestamp="2026-06-16T19:45:33Z" user="TheLNL" uid="21256080" lat="12.9677006" lon="79.1585373"/>
 <node id="13946184881" visible="true" version="1" changeset="184197941" timestamp="2026-06-16T19:45:33Z" user="TheLNL" uid="21256080" lat="12.9676666" lon="79.1584428"/>
 <node id="13946184882" visible="true" version="1" changeset="184197941" timestamp="2026-06-16T19:45:33Z" user="TheLNL" uid="21256080" lat="12.9683162" lon="79.1562873"/>
 <node id="13946184883" visible="true" version="1" changeset="184197941" timestamp="2026-06-16T19:45:33Z" user="TheLNL" uid="21256080" lat="12.9683763" lon="79.1562558"/>
 <node id="13946184884" visible="true" version="1" changeset="184197941" timestamp="2026-06-16T19:45:33Z" user="TheLNL" uid="21256080" lat="12.9683570" lon="79.1562759"/>
 <node id="13946184885" visible="true" version="1" changeset="184197941" timestamp="2026-06-16T19:45:33Z" user="TheLNL" uid="21256080" lat="12.9682743" lon="79.1562869"/>
 <node id="13946184886" visible="true" version="1" changeset="184197941" timestamp="2026-06-16T19:45:33Z" user="TheLNL" uid="21256080" lat="12.9685012" lon="79.1562969"/>
 <node id="13946184887" visible="true" version="1" changeset="184197941" timestamp="2026-06-16T19:45:33Z" user="TheLNL" uid="21256080" lat="12.9685855" lon="79.1564172"/>
 <node id="13946184888" visible="true" version="1" changeset="184197941" timestamp="2026-06-16T19:45:33Z" user="TheLNL" uid="21256080" lat="12.9686359" lon="79.1564710"/>
 <node id="13946184889" visible="true" version="1" changeset="184197941" timestamp="2026-06-16T19:45:33Z" user="TheLNL" uid="21256080" lat="12.9685403" lon="79.1563587"/>
 <node id="13946184890" visible="true" version="1" changeset="184197941" timestamp="2026-06-16T19:45:33Z" user="TheLNL" uid="21256080" lat="12.9681489" lon="79.1562658"/>
 <node id="13947267517" visible="true" version="1" changeset="184217568" timestamp="2026-06-17T09:33:53Z" user="TheLNL" uid="21256080" lat="12.9692302" lon="79.1552211"/>
 <node id="13947267518" visible="true" version="1" changeset="184217568" timestamp="2026-06-17T09:33:53Z" user="TheLNL" uid="21256080" lat="12.9692380" lon="79.1552130"/>
 <node id="13947267519" visible="true" version="1" changeset="184217568" timestamp="2026-06-17T09:33:53Z" user="TheLNL" uid="21256080" lat="12.9692386" lon="79.1551906"/>
 <node id="13947267520" visible="true" version="1" changeset="184217568" timestamp="2026-06-17T09:33:53Z" user="TheLNL" uid="21256080" lat="12.9692310" lon="79.1551820"/>
 <node id="13947267521" visible="true" version="1" changeset="184217568" timestamp="2026-06-17T09:33:53Z" user="TheLNL" uid="21256080" lat="12.9692411" lon="79.1552020"/>
 <node id="13947267522" visible="true" version="1" changeset="184217568" timestamp="2026-06-17T09:33:53Z" user="TheLNL" uid="21256080" lat="12.9692203" lon="79.1551782"/>
 <node id="13947267523" visible="true" version="1" changeset="184217568" timestamp="2026-06-17T09:33:53Z" user="TheLNL" uid="21256080" lat="12.9692373" lon="79.1547514"/>
 <node id="13947267524" visible="true" version="1" changeset="184217568" timestamp="2026-06-17T09:33:53Z" user="TheLNL" uid="21256080" lat="12.9692442" lon="79.1547419"/>
 <node id="13947267525" visible="true" version="1" changeset="184217568" timestamp="2026-06-17T09:33:53Z" user="TheLNL" uid="21256080" lat="12.9692443" lon="79.1547189"/>
 <node id="13947267526" visible="true" version="1" changeset="184217568" timestamp="2026-06-17T09:33:53Z" user="TheLNL" uid="21256080" lat="12.9692377" lon="79.1547095"/>
 <node id="13947267527" visible="true" version="1" changeset="184217568" timestamp="2026-06-17T09:33:53Z" user="TheLNL" uid="21256080" lat="12.9692271" lon="79.1547571"/>
 <node id="13947267528" visible="true" version="1" changeset="184217568" timestamp="2026-06-17T09:33:53Z" user="TheLNL" uid="21256080" lat="12.9692467" lon="79.1547303"/>
 <node id="13947267529" visible="true" version="1" changeset="184217568" timestamp="2026-06-17T09:33:53Z" user="TheLNL" uid="21256080" lat="12.9702044" lon="79.1551917"/>
 <node id="13947267530" visible="true" version="1" changeset="184217568" timestamp="2026-06-17T09:33:53Z" user="TheLNL" uid="21256080" lat="12.9702043" lon="79.1552058"/>
 <node id="13947267531" visible="true" version="1" changeset="184217568" timestamp="2026-06-17T09:33:53Z" user="TheLNL" uid="21256080" lat="12.9702283" lon="79.1551919"/>
 <node id="13947267532" visible="true" version="1" changeset="184217568" timestamp="2026-06-17T09:33:53Z" user="TheLNL" uid="21256080" lat="12.9699397" lon="79.1551889"/>
 <node id="13947267533" visible="true" version="1" changeset="184217568" timestamp="2026-06-17T09:33:53Z" user="TheLNL" uid="21256080" lat="12.9700845" lon="79.1551903"/>
 <node id="13947267534" visible="true" version="1" changeset="184217568" timestamp="2026-06-17T09:33:53Z" user="TheLNL" uid="21256080" lat="12.9702503" lon="79.1551405"/>
 <node id="13947267535" visible="true" version="1" changeset="184217568" timestamp="2026-06-17T09:33:53Z" user="TheLNL" uid="21256080" lat="12.9702934" lon="79.1551463"/>
 <node id="13947267536" visible="true" version="1" changeset="184217568" timestamp="2026-06-17T09:33:53Z" user="TheLNL" uid="21256080" lat="12.9698213" lon="79.1544639"/>
 <node id="13947267537" visible="true" version="1" changeset="184217568" timestamp="2026-06-17T09:33:53Z" user="TheLNL" uid="21256080" lat="12.9700015" lon="79.1544657"/>
 <node id="13947267538" visible="true" version="1" changeset="184217568" timestamp="2026-06-17T09:33:53Z" user="TheLNL" uid="21256080" lat="12.9698215" lon="79.1544339"/>
 <node id="13947267539" visible="true" version="1" changeset="184217568" timestamp="2026-06-17T09:33:53Z" user="TheLNL" uid="21256080" lat="12.9700017" lon="79.1544357"/>
 <node id="13947267540" visible="true" version="1" changeset="184217568" timestamp="2026-06-17T09:33:53Z" user="TheLNL" uid="21256080" lat="12.9699770" lon="79.1543019"/>
 <node id="13947267541" visible="true" version="1" changeset="184217568" timestamp="2026-06-17T09:33:53Z" user="TheLNL" uid="21256080" lat="12.9700101" lon="79.1543022"/>
 <node id="13947267542" visible="true" version="1" changeset="184217568" timestamp="2026-06-17T09:33:53Z" user="TheLNL" uid="21256080" lat="12.9700452" lon="79.1543025"/>
 <node id="13947267543" visible="true" version="1" changeset="184217568" timestamp="2026-06-17T09:33:53Z" user="TheLNL" uid="21256080" lat="12.9700783" lon="79.1543028"/>
 <node id="13947267544" visible="true" version="1" changeset="184217568" timestamp="2026-06-17T09:33:53Z" user="TheLNL" uid="21256080" lat="12.9701129" lon="79.1543032"/>
 <node id="13947267545" visible="true" version="1" changeset="184217568" timestamp="2026-06-17T09:33:53Z" user="TheLNL" uid="21256080" lat="12.9701464" lon="79.1543035"/>
 <node id="13947267546" visible="true" version="1" changeset="184217568" timestamp="2026-06-17T09:33:53Z" user="TheLNL" uid="21256080" lat="12.9698733" lon="79.1542948"/>
 <node id="13947267547" visible="true" version="1" changeset="184217568" timestamp="2026-06-17T09:33:53Z" user="TheLNL" uid="21256080" lat="12.9699076" lon="79.1542951"/>
 <node id="13947267548" visible="true" version="1" changeset="184217568" timestamp="2026-06-17T09:33:53Z" user="TheLNL" uid="21256080" lat="12.9699003" lon="79.1542866"/>
 <node id="13947267549" visible="true" version="1" changeset="184217568" timestamp="2026-06-17T09:33:53Z" user="TheLNL" uid="21256080" lat="12.9699489" lon="79.1542886"/>
 <node id="13947267550" visible="true" version="1" changeset="184217568" timestamp="2026-06-17T09:33:53Z" user="TheLNL" uid="21256080" lat="12.9699422" lon="79.1542965"/>
 <node id="13947267551" visible="true" version="1" changeset="184217568" timestamp="2026-06-17T09:33:53Z" user="TheLNL" uid="21256080" lat="12.9699765" lon="79.1542968"/>
 <node id="13947267552" visible="true" version="1" changeset="184217568" timestamp="2026-06-17T09:33:53Z" user="TheLNL" uid="21256080" lat="12.9699692" lon="79.1542883"/>
 <node id="13947267553" visible="true" version="1" changeset="184217568" timestamp="2026-06-17T09:33:53Z" user="TheLNL" uid="21256080" lat="12.9699586" lon="79.1542854"/>
 <node id="13947267554" visible="true" version="1" changeset="184217568" timestamp="2026-06-17T09:33:53Z" user="TheLNL" uid="21256080" lat="12.9700172" lon="79.1542903"/>
 <node id="13947267555" visible="true" version="1" changeset="184217568" timestamp="2026-06-17T09:33:53Z" user="TheLNL" uid="21256080" lat="12.9700105" lon="79.1542981"/>
 <node id="13947267556" visible="true" version="1" changeset="184217568" timestamp="2026-06-17T09:33:53Z" user="TheLNL" uid="21256080" lat="12.9700448" lon="79.1542985"/>
 <node id="13947267557" visible="true" version="1" changeset="184217568" timestamp="2026-06-17T09:33:53Z" user="TheLNL" uid="21256080" lat="12.9700375" lon="79.1542900"/>
 <node id="13947267558" visible="true" version="1" changeset="184217568" timestamp="2026-06-17T09:33:53Z" user="TheLNL" uid="21256080" lat="12.9700268" lon="79.1542871"/>
 <node id="13947267559" visible="true" version="1" changeset="184217568" timestamp="2026-06-17T09:33:53Z" user="TheLNL" uid="21256080" lat="12.9700851" lon="79.1542930"/>
 <node id="13947267560" visible="true" version="1" changeset="184217568" timestamp="2026-06-17T09:33:53Z" user="TheLNL" uid="21256080" lat="12.9700785" lon="79.1543008"/>
 <node id="13947267561" visible="true" version="1" changeset="184217568" timestamp="2026-06-17T09:33:53Z" user="TheLNL" uid="21256080" lat="12.9701128" lon="79.1543012"/>
 <node id="13947267562" visible="true" version="1" changeset="184217568" timestamp="2026-06-17T09:33:53Z" user="TheLNL" uid="21256080" lat="12.9701055" lon="79.1542926"/>
 <node id="13947267563" visible="true" version="1" changeset="184217568" timestamp="2026-06-17T09:33:53Z" user="TheLNL" uid="21256080" lat="12.9700948" lon="79.1542898"/>
 <node id="13947267564" visible="true" version="1" changeset="184217568" timestamp="2026-06-17T09:33:53Z" user="TheLNL" uid="21256080" lat="12.9701531" lon="79.1542953"/>
 <node id="13947267565" visible="true" version="1" changeset="184217568" timestamp="2026-06-17T09:33:53Z" user="TheLNL" uid="21256080" lat="12.9701464" lon="79.1543032"/>
 <node id="13947267566" visible="true" version="1" changeset="184217568" timestamp="2026-06-17T09:33:53Z" user="TheLNL" uid="21256080" lat="12.9701807" lon="79.1543035"/>
 <node id="13947267567" visible="true" version="1" changeset="184217568" timestamp="2026-06-17T09:33:53Z" user="TheLNL" uid="21256080" lat="12.9701734" lon="79.1542950"/>
 <node id="13947267568" visible="true" version="1" changeset="184217568" timestamp="2026-06-17T09:33:53Z" user="TheLNL" uid="21256080" lat="12.9701628" lon="79.1542921"/>
 <node id="13947267569" visible="true" version="1" changeset="184217568" timestamp="2026-06-17T09:33:53Z" user="TheLNL" uid="21256080" lat="12.9702408" lon="79.1542959"/>
 <node id="13947267570" visible="true" version="1" changeset="184217568" timestamp="2026-06-17T09:33:53Z" user="TheLNL" uid="21256080" lat="12.9702204" lon="79.1542962"/>
 <node id="13947267571" visible="true" version="1" changeset="184217568" timestamp="2026-06-17T09:33:53Z" user="TheLNL" uid="21256080" lat="12.9702481" lon="79.1543044"/>
 <node id="13947267572" visible="true" version="1" changeset="184217568" timestamp="2026-06-17T09:33:53Z" user="TheLNL" uid="21256080" lat="12.9702301" lon="79.1542931"/>
 <node id="13947267573" visible="true" version="1" changeset="184217568" timestamp="2026-06-17T09:33:53Z" user="TheLNL" uid="21256080" lat="12.9702138" lon="79.1543041"/>
 <node id="13947267574" visible="true" version="1" changeset="184217568" timestamp="2026-06-17T09:33:53Z" user="TheLNL" uid="21256080" lat="12.9703039" lon="79.1543222"/>
 <node id="13947267575" visible="true" version="1" changeset="184217568" timestamp="2026-06-17T09:33:53Z" user="TheLNL" uid="21256080" lat="12.9702922" lon="79.1543049"/>
 <node id="13947267576" visible="true" version="1" changeset="184217568" timestamp="2026-06-17T09:33:53Z" user="TheLNL" uid="21256080" lat="12.9697721" lon="79.1543117"/>
 <node id="13947267577" visible="true" version="1" changeset="184217568" timestamp="2026-06-17T09:33:53Z" user="TheLNL" uid="21256080" lat="12.9698731" lon="79.1542951"/>
 <node id="13947267578" visible="true" version="1" changeset="184217568" timestamp="2026-06-17T09:33:53Z" user="TheLNL" uid="21256080" lat="12.9697710" lon="79.1544335"/>
 <node id="13947267579" visible="true" version="1" changeset="184217568" timestamp="2026-06-17T09:33:53Z" user="TheLNL" uid="21256080" lat="12.9702928" lon="79.1552067"/>
 <node id="13947267580" visible="true" version="1" changeset="184217568" timestamp="2026-06-17T09:33:53Z" user="TheLNL" uid="21256080" lat="12.9702288" lon="79.1551403"/>
 <node id="13947267581" visible="true" version="1" changeset="184217568" timestamp="2026-06-17T09:33:53Z" user="TheLNL" uid="21256080" lat="12.9697582" lon="79.1549118"/>
 <node id="13947267582" visible="true" version="1" changeset="184217568" timestamp="2026-06-17T09:33:53Z" user="TheLNL" uid="21256080" lat="12.9697577" lon="79.1549749"/>
 <node id="13947267583" visible="true" version="1" changeset="184217568" timestamp="2026-06-17T09:33:53Z" user="TheLNL" uid="21256080" lat="12.9696802" lon="79.1549110"/>
 <node id="13947267584" visible="true" version="1" changeset="184217568" timestamp="2026-06-17T09:33:53Z" user="TheLNL" uid="21256080" lat="12.9696796" lon="79.1549741"/>
 <node id="13947267585" visible="true" version="1" changeset="184217568" timestamp="2026-06-17T09:33:53Z" user="TheLNL" uid="21256080" lat="12.9697551" lon="79.1548839"/>
 <node id="13947267586" visible="true" version="1" changeset="184217568" timestamp="2026-06-17T09:33:53Z" user="TheLNL" uid="21256080" lat="12.9697465" lon="79.1548911"/>
 <node id="13947267587" visible="true" version="1" changeset="184217568" timestamp="2026-06-17T09:33:53Z" user="TheLNL" uid="21256080" lat="12.9697224" lon="79.1548929"/>
 <node id="13947267588" visible="true" version="1" changeset="184217568" timestamp="2026-06-17T09:33:53Z" user="TheLNL" uid="21256080" lat="12.9697112" lon="79.1548853"/>
 <node id="13947267589" visible="true" version="1" changeset="184217568" timestamp="2026-06-17T09:33:53Z" user="TheLNL" uid="21256080" lat="12.9697358" lon="79.1548945"/>
 <node id="13947267590" visible="true" version="1" changeset="184217568" timestamp="2026-06-17T09:33:53Z" user="TheLNL" uid="21256080" lat="12.9701570" lon="79.1547616"/>
 <node id="13947267591" visible="true" version="1" changeset="184217568" timestamp="2026-06-17T09:33:53Z" user="TheLNL" uid="21256080" lat="12.9701455" lon="79.1547543"/>
 <node id="13947267592" visible="true" version="1" changeset="184217568" timestamp="2026-06-17T09:33:53Z" user="TheLNL" uid="21256080" lat="12.9701213" lon="79.1547559"/>
 <node id="13947267593" visible="true" version="1" changeset="184217568" timestamp="2026-06-17T09:33:53Z" user="TheLNL" uid="21256080" lat="12.9701123" lon="79.1547629"/>
 <node id="13947267594" visible="true" version="1" changeset="184217568" timestamp="2026-06-17T09:33:53Z" user="TheLNL" uid="21256080" lat="12.9701321" lon="79.1547527"/>
 <node id="13947267595" visible="true" version="1" changeset="184217568" timestamp="2026-06-17T09:33:53Z" user="TheLNL" uid="21256080" lat="12.9701644" lon="79.1547732"/>
 <node id="13947267596" visible="true" version="1" changeset="184217568" timestamp="2026-06-17T09:33:53Z" user="TheLNL" uid="21256080" lat="12.9701063" lon="79.1547727"/>
 <node id="13947267597" visible="true" version="1" changeset="184217568" timestamp="2026-06-17T09:33:53Z" user="TheLNL" uid="21256080" lat="12.9701059" lon="79.1548081"/>
 <node id="13947267598" visible="true" version="1" changeset="184217568" timestamp="2026-06-17T09:33:53Z" user="TheLNL" uid="21256080" lat="12.9701641" lon="79.1548086"/>
 <node id="13947267599" visible="true" version="1" changeset="184217568" timestamp="2026-06-17T09:33:53Z" user="TheLNL" uid="21256080" lat="12.9699712" lon="79.1550436"/>
 <node id="13947267600" visible="true" version="1" changeset="184217568" timestamp="2026-06-17T09:33:53Z" user="TheLNL" uid="21256080" lat="12.9700395" lon="79.1550442"/>
 <node id="13947302701" visible="true" version="1" changeset="184217568" timestamp="2026-06-17T09:33:53Z" user="TheLNL" uid="21256080" lat="12.9700413" lon="79.1548476"/>
 <node id="13947302702" visible="true" version="1" changeset="184217568" timestamp="2026-06-17T09:33:53Z" user="TheLNL" uid="21256080" lat="12.9699730" lon="79.1548469"/>
 <node id="13947302703" visible="true" version="1" changeset="184217568" timestamp="2026-06-17T09:33:53Z" user="TheLNL" uid="21256080" lat="12.9700634" lon="79.1548478"/>
 <node id="13947302704" visible="true" version="1" changeset="184217568" timestamp="2026-06-17T09:33:53Z" user="TheLNL" uid="21256080" lat="12.9700635" lon="79.1548348"/>
 <node id="13947302705" visible="true" version="1" changeset="184217568" timestamp="2026-06-17T09:33:53Z" user="TheLNL" uid="21256080" lat="12.9699576" lon="79.1548468"/>
 <node id="13947302706" visible="true" version="1" changeset="184217568" timestamp="2026-06-17T09:33:53Z" user="TheLNL" uid="21256080" lat="12.9699580" lon="79.1548118"/>
 <node id="13947302707" visible="true" version="1" changeset="184217568" timestamp="2026-06-17T09:33:53Z" user="TheLNL" uid="21256080" lat="12.9701989" lon="79.1548090"/>
 <node id="13947302708" visible="true" version="1" changeset="184217568" timestamp="2026-06-17T09:33:53Z" user="TheLNL" uid="21256080" lat="12.9702075" lon="79.1548477"/>
 <node id="13947302709" visible="true" version="1" changeset="184217568" timestamp="2026-06-17T09:33:53Z" user="TheLNL" uid="21256080" lat="12.9696578" lon="79.1547273"/>
 <node id="13947302710" visible="true" version="1" changeset="184217568" timestamp="2026-06-17T09:33:53Z" user="TheLNL" uid="21256080" lat="12.9697044" lon="79.1548733"/>
 <node id="13947302711" visible="true" version="1" changeset="184217568" timestamp="2026-06-17T09:33:53Z" user="TheLNL" uid="21256080" lat="12.9699285" lon="79.1548042"/>
 <node id="13947302712" visible="true" version="1" changeset="184217568" timestamp="2026-06-17T09:33:53Z" user="TheLNL" uid="21256080" lat="12.9699432" lon="79.1548116"/>
 <node id="13947302713" visible="true" version="1" changeset="184217568" timestamp="2026-06-17T09:33:53Z" user="TheLNL" uid="21256080" lat="12.9696578" lon="79.1551677"/>
 <node id="13947302714" visible="true" version="1" changeset="184217568" timestamp="2026-06-17T09:33:53Z" user="TheLNL" uid="21256080" lat="12.9696784" lon="79.1551096"/>
 <node id="13947302715" visible="true" version="1" changeset="184217568" timestamp="2026-06-17T09:33:53Z" user="TheLNL" uid="21256080" lat="12.9698171" lon="79.1551110"/>
 <node id="13947302716" visible="true" version="1" changeset="184217568" timestamp="2026-06-17T09:33:53Z" user="TheLNL" uid="21256080" lat="12.9698355" lon="79.1551767"/>
 <node id="13947302717" visible="true" version="1" changeset="184217568" timestamp="2026-06-17T09:33:53Z" user="TheLNL" uid="21256080" lat="12.9700620" lon="79.1548498"/>
 <node id="13947302718" visible="true" version="1" changeset="184217568" timestamp="2026-06-17T09:33:53Z" user="TheLNL" uid="21256080" lat="12.9700804" lon="79.1548499"/>
 <node id="13947302719" visible="true" version="1" changeset="184217568" timestamp="2026-06-17T09:33:53Z" user="TheLNL" uid="21256080" lat="12.9700806" lon="79.1548378"/>
 <node id="13947302720" visible="true" version="1" changeset="184217568" timestamp="2026-06-17T09:33:53Z" user="TheLNL" uid="21256080" lat="12.9700613" lon="79.1549288"/>
 <node id="13947302721" visible="true" version="1" changeset="184217568" timestamp="2026-06-17T09:33:53Z" user="TheLNL" uid="21256080" lat="12.9700869" lon="79.1549291"/>
 <node id="13947302722" visible="true" version="1" changeset="184217568" timestamp="2026-06-17T09:33:53Z" user="TheLNL" uid="21256080" lat="12.9700877" lon="79.1548379"/>
 <node id="13947302723" visible="true" version="1" changeset="184217568" timestamp="2026-06-17T09:33:53Z" user="TheLNL" uid="21256080" lat="12.9700880" lon="79.1548079"/>
 <node id="13947302724" visible="true" version="1" changeset="184217568" timestamp="2026-06-17T09:33:53Z" user="TheLNL" uid="21256080" lat="12.9702041" lon="79.1552230"/>
 <node id="13947302725" visible="true" version="1" changeset="184217568" timestamp="2026-06-17T09:33:53Z" user="TheLNL" uid="21256080" lat="12.9700842" lon="79.1552219"/>
 <node id="13947302726" visible="true" version="1" changeset="184217568" timestamp="2026-06-17T09:33:53Z" user="TheLNL" uid="21256080" lat="12.9699403" lon="79.1551295"/>
 <node id="13947302727" visible="true" version="1" changeset="184217568" timestamp="2026-06-17T09:33:53Z" user="TheLNL" uid="21256080" lat="12.9700850" lon="79.1551309"/>
 <node id="13947302728" visible="true" version="1" changeset="184217568" timestamp="2026-06-17T09:33:53Z" user="TheLNL" uid="21256080" lat="12.9696577" lon="79.1551849"/>
 <node id="13947302729" visible="true" version="1" changeset="184217568" timestamp="2026-06-17T09:33:53Z" user="TheLNL" uid="21256080" lat="12.9698354" lon="79.1551866"/>
 <node id="13947302730" visible="true" version="1" changeset="184217568" timestamp="2026-06-17T09:33:53Z" user="TheLNL" uid="21256080" lat="12.9697047" lon="79.1548390"/>
 <node id="13947302731" visible="true" version="1" changeset="184217568" timestamp="2026-06-17T09:33:53Z" user="TheLNL" uid="21256080" lat="12.9696808" lon="79.1548388"/>
 <node id="13947302732" visible="true" version="1" changeset="184217568" timestamp="2026-06-17T09:33:53Z" user="TheLNL" uid="21256080" lat="12.9695329" lon="79.1551664"/>
 <node id="13947302733" visible="true" version="1" changeset="184217568" timestamp="2026-06-17T09:33:53Z" user="TheLNL" uid="21256080" lat="12.9695369" lon="79.1547261"/>
 <node id="13947302734" visible="true" version="1" changeset="184217568" timestamp="2026-06-17T09:33:53Z" user="TheLNL" uid="21256080" lat="12.9697605" lon="79.1548738"/>
 <node id="13947302735" visible="true" version="1" changeset="184217568" timestamp="2026-06-17T09:33:53Z" user="TheLNL" uid="21256080" lat="12.9697610" lon="79.1548287"/>
 <node id="13947302736" visible="true" version="1" changeset="184217568" timestamp="2026-06-17T09:33:53Z" user="TheLNL" uid="21256080" lat="12.9699398" lon="79.1551777"/>
 <node id="13947302737" visible="true" version="1" changeset="184217568" timestamp="2026-06-17T09:33:53Z" user="TheLNL" uid="21256080" lat="12.9698199" lon="79.1548032"/>
 <node id="13947302738" visible="true" version="1" changeset="184217568" timestamp="2026-06-17T09:33:53Z" user="TheLNL" uid="21256080" lat="12.9698034" lon="79.1546201"/>
 <node id="13947302739" visible="true" version="1" changeset="184217568" timestamp="2026-06-17T09:33:53Z" user="TheLNL" uid="21256080" lat="12.9698024" lon="79.1547266"/>
 <node id="13947302740" visible="true" version="1" changeset="184217568" timestamp="2026-06-17T09:33:53Z" user="TheLNL" uid="21256080" lat="12.9699529" lon="79.1546115"/>
 <node id="13947302741" visible="true" version="1" changeset="184217568" timestamp="2026-06-17T09:33:53Z" user="TheLNL" uid="21256080" lat="12.9700757" lon="79.1546205"/>
 <node id="13947302742" visible="true" version="1" changeset="184217568" timestamp="2026-06-17T09:33:53Z" user="TheLNL" uid="21256080" lat="12.9700747" lon="79.1547354"/>
 <node id="13947302743" visible="true" version="1" changeset="184217568" timestamp="2026-06-17T09:33:53Z" user="TheLNL" uid="21256080" lat="12.9700738" lon="79.1548349"/>
 <node id="13947302744" visible="true" version="1" changeset="184217568" timestamp="2026-06-17T09:33:53Z" user="TheLNL" uid="21256080" lat="12.9699537" lon="79.1545317"/>
 <node id="13947302745" visible="true" version="1" changeset="184217568" timestamp="2026-06-17T09:33:53Z" user="TheLNL" uid="21256080" lat="12.9700765" lon="79.1545329"/>
 <node id="13947302746" visible="true" version="1" changeset="184217568" timestamp="2026-06-17T09:33:53Z" user="TheLNL" uid="21256080" lat="12.9699303" lon="79.1546113"/>
 <node id="13947302747" visible="true" version="1" changeset="184217568" timestamp="2026-06-17T09:33:53Z" user="TheLNL" uid="21256080" lat="12.9699292" lon="79.1547278"/>
 <node id="13947302748" visible="true" version="1" changeset="184217568" timestamp="2026-06-17T09:33:53Z" user="TheLNL" uid="21256080" lat="12.9699302" lon="79.1546213"/>
 <node id="13947302749" visible="true" version="1" changeset="184217568" timestamp="2026-06-17T09:33:53Z" user="TheLNL" uid="21256080" lat="12.9698034" lon="79.1546189"/>
 <node id="13947302750" visible="true" version="1" changeset="184217568" timestamp="2026-06-17T09:33:53Z" user="TheLNL" uid="21256080" lat="12.9698024" lon="79.1547289"/>
 <node id="13947302751" visible="true" version="1" changeset="184217568" timestamp="2026-06-17T09:33:53Z" user="TheLNL" uid="21256080" lat="12.9697877" lon="79.1546097"/>
 <node id="13947302752" visible="true" version="1" changeset="184217568" timestamp="2026-06-17T09:33:53Z" user="TheLNL" uid="21256080" lat="12.9697882" lon="79.1545460"/>
 <node id="13947302753" visible="true" version="1" changeset="184217568" timestamp="2026-06-17T09:33:53Z" user="TheLNL" uid="21256080" lat="12.9698035" lon="79.1546099"/>
 <node id="13947302754" visible="true" version="1" changeset="184217568" timestamp="2026-06-17T09:33:53Z" user="TheLNL" uid="21256080" lat="12.9698060" lon="79.1545462"/>
 <node id="13947302755" visible="true" version="1" changeset="184217568" timestamp="2026-06-17T09:33:53Z" user="TheLNL" uid="21256080" lat="12.9698015" lon="79.1548291"/>
 <node id="13947302756" visible="true" version="1" changeset="184217568" timestamp="2026-06-17T09:33:53Z" user="TheLNL" uid="21256080" lat="12.9698061" lon="79.1545303"/>
 <node id="13947302757" visible="true" version="1" changeset="184217568" timestamp="2026-06-17T09:33:53Z" user="TheLNL" uid="21256080" lat="12.9702282" lon="79.1544693"/>
 <node id="13947302758" visible="true" version="1" changeset="184217568" timestamp="2026-06-17T09:33:53Z" user="TheLNL" uid="21256080" lat="12.9700733" lon="79.1544678"/>
 <node id="13947302759" visible="true" version="1" changeset="184217568" timestamp="2026-06-17T09:33:53Z" user="TheLNL" uid="21256080" lat="12.9702282" lon="79.1544742"/>
 <node id="13947302760" visible="true" version="1" changeset="184217568" timestamp="2026-06-17T09:33:53Z" user="TheLNL" uid="21256080" lat="12.9700733" lon="79.1544710"/>
 <node id="13947302761" visible="true" version="1" changeset="184217568" timestamp="2026-06-17T09:33:53Z" user="TheLNL" uid="21256080" lat="12.9696596" lon="79.1545289"/>
 <node id="13947302762" visible="true" version="1" changeset="184217568" timestamp="2026-06-17T09:33:53Z" user="TheLNL" uid="21256080" lat="12.9702047" lon="79.1545341"/>
 <node id="13947302763" visible="true" version="1" changeset="184217568" timestamp="2026-06-17T09:33:53Z" user="TheLNL" uid="21256080" lat="12.9702045" lon="79.1545561"/>
 <node id="13947302764" visible="true" version="1" changeset="184217568" timestamp="2026-06-17T09:33:53Z" user="TheLNL" uid="21256080" lat="12.9702255" lon="79.1545563"/>
 <node id="13947302765" visible="true" version="1" changeset="184217568" timestamp="2026-06-17T09:33:53Z" user="TheLNL" uid="21256080" lat="12.9701984" lon="79.1546217"/>
 <node id="13947302766" visible="true" version="1" changeset="184217568" timestamp="2026-06-17T09:33:53Z" user="TheLNL" uid="21256080" lat="12.9701984" lon="79.1546177"/>
 <node id="13947302767" visible="true" version="1" changeset="184217568" timestamp="2026-06-17T09:33:53Z" user="TheLNL" uid="21256080" lat="12.9701995" lon="79.1547366"/>
 <node id="13947302768" visible="true" version="1" changeset="184217568" timestamp="2026-06-17T09:33:53Z" user="TheLNL" uid="21256080" lat="12.9702249" lon="79.1546179"/>
 <node id="13947302769" visible="true" version="1" changeset="184217568" timestamp="2026-06-17T09:33:53Z" user="TheLNL" uid="21256080" lat="12.9702530" lon="79.1548482"/>
 <node id="13947302770" visible="true" version="1" changeset="184217568" timestamp="2026-06-17T09:33:53Z" user="TheLNL" uid="21256080" lat="12.9703418" lon="79.1544753"/>
 <node id="13947302771" visible="true" version="1" changeset="184217568" timestamp="2026-06-17T09:33:53Z" user="TheLNL" uid="21256080" lat="12.9703357" lon="79.1551467"/>
 <node id="13947302772" visible="true" version="1" changeset="184217568" timestamp="2026-06-17T09:33:53Z" user="TheLNL" uid="21256080" lat="12.9696602" lon="79.1544670"/>
 <node id="13947302773" visible="true" version="1" changeset="184217568" timestamp="2026-06-17T09:33:53Z" user="TheLNL" uid="21256080" lat="12.9695923" lon="79.1546880"/>
 <node id="13947302774" visible="true" version="1" changeset="184217568" timestamp="2026-06-17T09:33:53Z" user="TheLNL" uid="21256080" lat="12.9695920" lon="79.1547108"/>
 <node id="13947302775" visible="true" version="1" changeset="184217568" timestamp="2026-06-17T09:33:53Z" user="TheLNL" uid="21256080" lat="12.9695084" lon="79.1547094"/>
 <node id="13947302776" visible="true" version="1" changeset="184217568" timestamp="2026-06-17T09:33:53Z" user="TheLNL" uid="21256080" lat="12.9695073" lon="79.1547733"/>
 <node id="13963300423" visible="true" version="1" changeset="184548450" timestamp="2026-06-24T21:47:19Z" user="TheLNL" uid="21256080" lat="12.9683894" lon="79.1539756"/>
 <node id="13963300431" visible="true" version="1" changeset="184548450" timestamp="2026-06-24T21:47:19Z" user="TheLNL" uid="21256080" lat="12.9689088" lon="79.1539585"/>
 <node id="13963300435" visible="true" version="1" changeset="184548450" timestamp="2026-06-24T21:47:19Z" user="TheLNL" uid="21256080" lat="12.9693684" lon="79.1542895"/>
 <node id="13963300439" visible="true" version="1" changeset="184548450" timestamp="2026-06-24T21:47:19Z" user="TheLNL" uid="21256080" lat="12.9683971" lon="79.1542242"/>
 <node id="13963300442" visible="true" version="1" changeset="184548450" timestamp="2026-06-24T21:47:19Z" user="TheLNL" uid="21256080" lat="12.9685108" lon="79.1540033"/>
 <node id="13963300447" visible="true" version="1" changeset="184548450" timestamp="2026-06-24T21:47:19Z" user="TheLNL" uid="21256080" lat="12.9689523" lon="79.1542185"/>
 <node id="13963300449" visible="true" version="1" changeset="184548450" timestamp="2026-06-24T21:47:19Z" user="TheLNL" uid="21256080" lat="12.9685974" lon="79.1537795"/>
 <node id="13963300450" visible="true" version="1" changeset="184548450" timestamp="2026-06-24T21:47:19Z" user="TheLNL" uid="21256080" lat="12.9686429" lon="79.1540850"/>
 <node id="13963300451" visible="true" version="1" changeset="184548450" timestamp="2026-06-24T21:47:19Z" user="TheLNL" uid="21256080" lat="12.9688766" lon="79.1537201"/>
 <node id="13963300456" visible="true" version="1" changeset="184548450" timestamp="2026-06-24T21:47:19Z" user="TheLNL" uid="21256080" lat="12.9689997" lon="79.1544689"/>
 <node id="13963300461" visible="true" version="1" changeset="184548450" timestamp="2026-06-24T21:47:19Z" user="TheLNL" uid="21256080" lat="12.9681131" lon="79.1539805"/>
 <node id="13963300462" visible="true" version="1" changeset="184548450" timestamp="2026-06-24T21:47:19Z" user="TheLNL" uid="21256080" lat="12.9681108" lon="79.1542550"/>
 <node id="13963300463" visible="true" version="1" changeset="184548450" timestamp="2026-06-24T21:47:19Z" user="TheLNL" uid="21256080" lat="12.9692437" lon="79.1535768"/>
 <node id="13963300465" visible="true" version="1" changeset="184548450" timestamp="2026-06-24T21:47:19Z" user="TheLNL" uid="21256080" lat="12.9687034" lon="79.1541260"/>
 <node id="14023416634" visible="true" version="3" changeset="187457497" timestamp="2026-08-14T18:19:43Z" user="TheLNL" uid="21256080" lat="12.9698229" lon="79.1551540">
  <tag k="addr:floor" v="G"/>
  <tag k="check_date" v="2026-08-14"/>
  <tag k="level" v="0"/>
  <tag k="name" v="Little Shop"/>
  <tag k="shop" v="copyshop"/>
 </node>
 <node id="14023889819" visible="true" version="1" changeset="185950645" timestamp="2026-07-18T10:43:52Z" user="TheLNL" uid="21256080" lat="12.9707974" lon="79.1572814"/>
 <node id="14023889820" visible="true" version="1" changeset="185950645" timestamp="2026-07-18T10:43:52Z" user="TheLNL" uid="21256080" lat="12.9709055" lon="79.1582257"/>
 <node id="14023889821" visible="true" version="1" changeset="185950645" timestamp="2026-07-18T10:43:52Z" user="TheLNL" uid="21256080" lat="12.9709493" lon="79.1582093"/>
 <node id="14023889822" visible="true" version="1" changeset="185950645" timestamp="2026-07-18T10:43:52Z" user="TheLNL" uid="21256080" lat="12.9705996" lon="79.1580959"/>
 <node id="14023889823" visible="true" version="1" changeset="185950645" timestamp="2026-07-18T10:43:52Z" user="TheLNL" uid="21256080" lat="12.9707937" lon="79.1569371"/>
 <node id="14023889824" visible="true" version="1" changeset="185950645" timestamp="2026-07-18T10:43:52Z" user="TheLNL" uid="21256080" lat="12.9708925" lon="79.1574638"/>
 <node id="14025738535" visible="true" version="1" changeset="185989543" timestamp="2026-07-19T05:22:10Z" user="TheLNL" uid="21256080" lat="12.9708982" lon="79.1583646"/>
 <node id="14025738536" visible="true" version="1" changeset="185989543" timestamp="2026-07-19T05:22:10Z" user="TheLNL" uid="21256080" lat="12.9709031" lon="79.1583356"/>
 <node id="14025738537" visible="true" version="1" changeset="185989543" timestamp="2026-07-19T05:22:10Z" user="TheLNL" uid="21256080" lat="12.9709649" lon="79.1583548"/>
 <node id="14025738538" visible="true" version="1" changeset="185989543" timestamp="2026-07-19T05:22:10Z" user="TheLNL" uid="21256080" lat="12.9709610" lon="79.1583271"/>
 <node id="14025738539" visible="true" version="1" changeset="185989543" timestamp="2026-07-19T05:22:10Z" user="TheLNL" uid="21256080" lat="12.9698195" lon="79.1582860"/>
 <node id="14025738540" visible="true" version="1" changeset="185989543" timestamp="2026-07-19T05:22:10Z" user="TheLNL" uid="21256080" lat="12.9698369" lon="79.1582561"/>
 <node id="14025738541" visible="true" version="1" changeset="185989543" timestamp="2026-07-19T05:22:10Z" user="TheLNL" uid="21256080" lat="12.9698539" lon="79.1582517"/>
 <node id="14025738542" visible="true" version="1" changeset="185989543" timestamp="2026-07-19T05:22:10Z" user="TheLNL" uid="21256080" lat="12.9698533" lon="79.1582084"/>
 <node id="14025738543" visible="true" version="1" changeset="185989543" timestamp="2026-07-19T05:22:10Z" user="TheLNL" uid="21256080" lat="12.9698282" lon="79.1582132"/>
 <node id="14025738544" visible="true" version="1" changeset="185989543" timestamp="2026-07-19T05:22:10Z" user="TheLNL" uid="21256080" lat="12.9697922" lon="79.1582491"/>
 <node id="14025738545" visible="true" version="1" changeset="185989543" timestamp="2026-07-19T05:22:10Z" user="TheLNL" uid="21256080" lat="12.9697868" lon="79.1582748"/>
 <node id="14025738546" visible="true" version="1" changeset="185989543" timestamp="2026-07-19T05:22:10Z" user="TheLNL" uid="21256080" lat="12.9698067" lon="79.1582275"/>
 <node id="14025738547" visible="true" version="1" changeset="185989543" timestamp="2026-07-19T05:22:10Z" user="TheLNL" uid="21256080" lat="12.9698243" lon="79.1582687"/>
 <node id="14025738548" visible="true" version="1" changeset="185989543" timestamp="2026-07-19T05:22:10Z" user="TheLNL" uid="21256080" lat="12.9698156" lon="79.1585808"/>
 <node id="14025738549" visible="true" version="1" changeset="185989543" timestamp="2026-07-19T05:22:10Z" user="TheLNL" uid="21256080" lat="12.9697828" lon="79.1585803"/>
 <node id="14025738550" visible="true" version="1" changeset="185989543" timestamp="2026-07-19T05:22:10Z" user="TheLNL" uid="21256080" lat="12.9706348" lon="79.1582644"/>
 <node id="14025738551" visible="true" version="1" changeset="185989543" timestamp="2026-07-19T05:22:10Z" user="TheLNL" uid="21256080" lat="12.9706022" lon="79.1582188"/>
 <node id="14025738552" visible="true" version="1" changeset="185989543" timestamp="2026-07-19T05:22:10Z" user="TheLNL" uid="21256080" lat="12.9705196" lon="79.1583557"/>
 <node id="14025738553" visible="true" version="1" changeset="185989543" timestamp="2026-07-19T05:22:10Z" user="TheLNL" uid="21256080" lat="12.9702661" lon="79.1583522"/>
 <node id="14025738554" visible="true" version="1" changeset="185989543" timestamp="2026-07-19T05:22:10Z" user="TheLNL" uid="21256080" lat="12.9702667" lon="79.1583032"/>
 <node id="14025738555" visible="true" version="1" changeset="185989543" timestamp="2026-07-19T05:22:10Z" user="TheLNL" uid="21256080" lat="12.9705202" lon="79.1583066"/>
 <node id="14025738556" visible="true" version="1" changeset="185989543" timestamp="2026-07-19T05:22:10Z" user="TheLNL" uid="21256080" lat="12.9698335" lon="79.1582369"/>
 <node id="14025738557" visible="true" version="1" changeset="185989543" timestamp="2026-07-19T05:22:10Z" user="TheLNL" uid="21256080" lat="12.9709051" lon="79.1583475"/>
 <node id="14040730550" visible="true" version="1" changeset="186211486" timestamp="2026-07-23T03:56:34Z" user="TheLNL" uid="21256080" lat="12.9691820" lon="79.1582232"/>
 <node id="14040730551" visible="true" version="1" changeset="186211486" timestamp="2026-07-23T03:56:34Z" user="TheLNL" uid="21256080" lat="12.9691706" lon="79.1581891"/>
 <node id="14040730552" visible="true" version="1" changeset="186211486" timestamp="2026-07-23T03:56:34Z" user="TheLNL" uid="21256080" lat="12.9691567" lon="79.1581775"/>
 <node id="14040730553" visible="true" version="1" changeset="186211486" timestamp="2026-07-23T03:56:34Z" user="TheLNL" uid="21256080" lat="12.9691808" lon="79.1582553"/>
 <node id="14040730554" visible="true" version="1" changeset="186211486" timestamp="2026-07-23T03:56:34Z" user="TheLNL" uid="21256080" lat="12.9691696" lon="79.1585581"/>
 <node id="14040730555" visible="true" version="1" changeset="186211486" timestamp="2026-07-23T03:56:34Z" user="TheLNL" uid="21256080" lat="12.9691794" lon="79.1582050"/>
 <node id="14040730557" visible="true" version="1" changeset="186211486" timestamp="2026-07-23T03:56:34Z" user="TheLNL" uid="21256080" lat="12.9694976" lon="79.1581142"/>
 <node id="14040730558" visible="true" version="1" changeset="186211486" timestamp="2026-07-23T03:56:34Z" user="TheLNL" uid="21256080" lat="12.9689108" lon="79.1580404"/>
 <node id="14040730560" visible="true" version="2" changeset="187186729" timestamp="2026-08-09T15:42:35Z" user="TheLNL" uid="21256080" lat="12.9695904" lon="79.1582698"/>
 <node id="14040730561" visible="true" version="1" changeset="186211486" timestamp="2026-07-23T03:56:34Z" user="TheLNL" uid="21256080" lat="12.9698302" lon="79.1581169"/>
 <node id="14040730562" visible="true" version="1" changeset="186211486" timestamp="2026-07-23T03:56:34Z" user="TheLNL" uid="21256080" lat="12.9696460" lon="79.1585658">
  <tag k="highway" v="crossing"/>
 </node>
 <node id="14040730563" visible="true" version="1" changeset="186211486" timestamp="2026-07-23T03:56:34Z" user="TheLNL" uid="21256080" lat="12.9696438" lon="79.1586938"/>
 <node id="14040730564" visible="true" version="1" changeset="186211486" timestamp="2026-07-23T03:56:34Z" user="TheLNL" uid="21256080" lat="12.9696283" lon="79.1575643"/>
 <node id="14040730565" visible="true" version="1" changeset="186211486" timestamp="2026-07-23T03:56:34Z" user="TheLNL" uid="21256080" lat="12.9696662" lon="79.1576448"/>
 <node id="14040730566" visible="true" version="1" changeset="186211486" timestamp="2026-07-23T03:56:34Z" user="TheLNL" uid="21256080" lat="12.9697569" lon="79.1581753"/>
 <node id="14040730567" visible="true" version="1" changeset="186211486" timestamp="2026-07-23T03:56:34Z" user="TheLNL" uid="21256080" lat="12.9696482" lon="79.1581246"/>
 <node id="14040730568" visible="true" version="1" changeset="186211486" timestamp="2026-07-23T03:56:34Z" user="TheLNL" uid="21256080" lat="12.9696676" lon="79.1581122"/>
 <node id="14040730569" visible="true" version="1" changeset="186211486" timestamp="2026-07-23T03:56:34Z" user="TheLNL" uid="21256080" lat="12.9696899" lon="79.1581073"/>
 <node id="14040730570" visible="true" version="1" changeset="186211486" timestamp="2026-07-23T03:56:34Z" user="TheLNL" uid="21256080" lat="12.9697125" lon="79.1581106"/>
 <node id="14040730571" visible="true" version="1" changeset="186211486" timestamp="2026-07-23T03:56:34Z" user="TheLNL" uid="21256080" lat="12.9697479" lon="79.1581390"/>
 <node id="14040730572" visible="true" version="1" changeset="186211486" timestamp="2026-07-23T03:56:34Z" user="TheLNL" uid="21256080" lat="12.9697564" lon="79.1581607"/>
 <node id="14040730573" visible="true" version="1" changeset="186211486" timestamp="2026-07-23T03:56:34Z" user="TheLNL" uid="21256080" lat="12.9697572" lon="79.1581841"/>
 <node id="14040730574" visible="true" version="1" changeset="186211486" timestamp="2026-07-23T03:56:34Z" user="TheLNL" uid="21256080" lat="12.9697361" lon="79.1582248"/>
 <node id="14040730575" visible="true" version="1" changeset="186211486" timestamp="2026-07-23T03:56:34Z" user="TheLNL" uid="21256080" lat="12.9697167" lon="79.1582372"/>
 <node id="14040730576" visible="true" version="1" changeset="186211486" timestamp="2026-07-23T03:56:34Z" user="TheLNL" uid="21256080" lat="12.9696944" lon="79.1582421"/>
 <node id="14040730577" visible="true" version="1" changeset="186211486" timestamp="2026-07-23T03:56:34Z" user="TheLNL" uid="21256080" lat="12.9696718" lon="79.1582388"/>
 <node id="14040730578" visible="true" version="1" changeset="186211486" timestamp="2026-07-23T03:56:34Z" user="TheLNL" uid="21256080" lat="12.9696517" lon="79.1582278"/>
 <node id="14040730579" visible="true" version="1" changeset="186211486" timestamp="2026-07-23T03:56:34Z" user="TheLNL" uid="21256080" lat="12.9696364" lon="79.1582104"/>
 <node id="14040730580" visible="true" version="1" changeset="186211486" timestamp="2026-07-23T03:56:34Z" user="TheLNL" uid="21256080" lat="12.9696279" lon="79.1581887"/>
 <node id="14040730581" visible="true" version="1" changeset="186211486" timestamp="2026-07-23T03:56:34Z" user="TheLNL" uid="21256080" lat="12.9696271" lon="79.1581653"/>
 <node id="14040730582" visible="true" version="1" changeset="186211486" timestamp="2026-07-23T03:56:34Z" user="TheLNL" uid="21256080" lat="12.9696342" lon="79.1581430"/>
 <node id="14040730583" visible="true" version="1" changeset="186211486" timestamp="2026-07-23T03:56:34Z" user="TheLNL" uid="21256080" lat="12.9697502" lon="79.1582064"/>
 <node id="14041614601" visible="true" version="1" changeset="186238659" timestamp="2026-07-23T14:35:40Z" user="TheLNL" uid="21256080" lat="12.9709757" lon="79.1587203">
  <tag k="highway" v="crossing"/>
 </node>
 <node id="14041614602" visible="true" version="1" changeset="186238659" timestamp="2026-07-23T14:35:40Z" user="TheLNL" uid="21256080" lat="12.9709183" lon="79.1587057"/>
 <node id="14041614603" visible="true" version="1" changeset="186238659" timestamp="2026-07-23T14:35:40Z" user="TheLNL" uid="21256080" lat="12.9709506" lon="79.1587103"/>
 <node id="14041614604" visible="true" version="1" changeset="186238659" timestamp="2026-07-23T14:35:40Z" user="TheLNL" uid="21256080" lat="12.9709810" lon="79.1587224"/>
 <node id="14041614612" visible="true" version="1" changeset="186238659" timestamp="2026-07-23T14:35:40Z" user="TheLNL" uid="21256080" lat="12.9707953" lon="79.1587030"/>
 <node id="14041614613" visible="true" version="1" changeset="186238659" timestamp="2026-07-23T14:35:40Z" user="TheLNL" uid="21256080" lat="12.9702791" lon="79.1586915"/>
 <node id="14041614614" visible="true" version="2" changeset="187420742" timestamp="2026-08-14T04:13:11Z" user="TheLNL" uid="21256080" lat="12.9702347" lon="79.1594580"/>
 <node id="14041614615" visible="true" version="2" changeset="187420742" timestamp="2026-08-14T04:13:11Z" user="TheLNL" uid="21256080" lat="12.9702883" lon="79.1597490"/>
 <node id="14041614616" visible="true" version="1" changeset="186238659" timestamp="2026-07-23T14:35:40Z" user="TheLNL" uid="21256080" lat="12.9704346" lon="79.1601755"/>
 <node id="14041614632" visible="true" version="1" changeset="186238659" timestamp="2026-07-23T14:35:40Z" user="TheLNL" uid="21256080" lat="12.9707770" lon="79.1587212"/>
 <node id="14041614633" visible="true" version="1" changeset="186238659" timestamp="2026-07-23T14:35:40Z" user="TheLNL" uid="21256080" lat="12.9708048" lon="79.1588799"/>
 <node id="14041614648" visible="true" version="1" changeset="186238659" timestamp="2026-07-23T14:35:40Z" user="TheLNL" uid="21256080" lat="12.9703418" lon="79.1587009"/>
 <node id="14041614649" visible="true" version="1" changeset="186238659" timestamp="2026-07-23T14:35:40Z" user="TheLNL" uid="21256080" lat="12.9703263" lon="79.1587080"/>
 <node id="14041614650" visible="true" version="1" changeset="186238659" timestamp="2026-07-23T14:35:40Z" user="TheLNL" uid="21256080" lat="12.9703224" lon="79.1587160"/>
 <node id="14041614651" visible="true" version="1" changeset="186238659" timestamp="2026-07-23T14:35:40Z" user="TheLNL" uid="21256080" lat="12.9702946" lon="79.1588422"/>
 <node id="14041614652" visible="true" version="1" changeset="186238659" timestamp="2026-07-23T14:35:40Z" user="TheLNL" uid="21256080" lat="12.9703021" lon="79.1588624"/>
 <node id="14041614653" visible="true" version="1" changeset="186238659" timestamp="2026-07-23T14:35:40Z" user="TheLNL" uid="21256080" lat="12.9703126" lon="79.1588660"/>
 <node id="14041614681" visible="true" version="1" changeset="186238659" timestamp="2026-07-23T14:35:40Z" user="TheLNL" uid="21256080" lat="12.9702954" lon="79.1588534"/>
 <node id="14041614687" visible="true" version="1" changeset="186238659" timestamp="2026-07-23T14:35:40Z" user="TheLNL" uid="21256080" lat="12.9704395" lon="79.1594658"/>
 <node id="14041614688" visible="true" version="1" changeset="186238659" timestamp="2026-07-23T14:35:40Z" user="TheLNL" uid="21256080" lat="12.9704529" lon="79.1595626"/>
 <node id="14041614689" visible="true" version="1" changeset="186238659" timestamp="2026-07-23T14:35:40Z" user="TheLNL" uid="21256080" lat="12.9704235" lon="79.1595669"/>
 <node id="14041614690" visible="true" version="1" changeset="186238659" timestamp="2026-07-23T14:35:40Z" user="TheLNL" uid="21256080" lat="12.9704101" lon="79.1594701"/>
 <node id="14041614691" visible="true" version="1" changeset="186238659" timestamp="2026-07-23T14:35:40Z" user="TheLNL" uid="21256080" lat="12.9709827" lon="79.1593306"/>
 <node id="14041614692" visible="true" version="1" changeset="186238659" timestamp="2026-07-23T14:35:40Z" user="TheLNL" uid="21256080" lat="12.9710179" lon="79.1595847"/>
 <node id="14041614693" visible="true" version="1" changeset="186238659" timestamp="2026-07-23T14:35:40Z" user="TheLNL" uid="21256080" lat="12.9708874" lon="79.1596037"/>
 <node id="14041614694" visible="true" version="1" changeset="186238659" timestamp="2026-07-23T14:35:40Z" user="TheLNL" uid="21256080" lat="12.9708523" lon="79.1593496"/>
 <node id="14041614695" visible="true" version="1" changeset="186238659" timestamp="2026-07-23T14:35:40Z" user="TheLNL" uid="21256080" lat="12.9706346" lon="79.1599436"/>
 <node id="14041614696" visible="true" version="1" changeset="186238659" timestamp="2026-07-23T14:35:40Z" user="TheLNL" uid="21256080" lat="12.9707592" lon="79.1599440"/>
 <node id="14041614697" visible="true" version="1" changeset="186238659" timestamp="2026-07-23T14:35:40Z" user="TheLNL" uid="21256080" lat="12.9707554" lon="79.1599167"/>
 <node id="14041614698" visible="true" version="1" changeset="186238659" timestamp="2026-07-23T14:35:40Z" user="TheLNL" uid="21256080" lat="12.9705544" lon="79.1598851"/>
 <node id="14041614699" visible="true" version="1" changeset="186238659" timestamp="2026-07-23T14:35:40Z" user="TheLNL" uid="21256080" lat="12.9706371" lon="79.1599618"/>
 <node id="14041614700" visible="true" version="1" changeset="186238659" timestamp="2026-07-23T14:35:40Z" user="TheLNL" uid="21256080" lat="12.9707817" lon="79.1599128"/>
 <node id="14041614701" visible="true" version="1" changeset="186238659" timestamp="2026-07-23T14:35:40Z" user="TheLNL" uid="21256080" lat="12.9707735" lon="79.1598532"/>
 <node id="14041614702" visible="true" version="1" changeset="186238659" timestamp="2026-07-23T14:35:40Z" user="TheLNL" uid="21256080" lat="12.9706479" lon="79.1594075"/>
 <node id="14041614703" visible="true" version="1" changeset="186238659" timestamp="2026-07-23T14:35:40Z" user="TheLNL" uid="21256080" lat="12.9706777" lon="79.1596229"/>
 <node id="14041614704" visible="true" version="1" changeset="186238659" timestamp="2026-07-23T14:35:40Z" user="TheLNL" uid="21256080" lat="12.9705154" lon="79.1596466"/>
 <node id="14041614705" visible="true" version="1" changeset="186238659" timestamp="2026-07-23T14:35:40Z" user="TheLNL" uid="21256080" lat="12.9704856" lon="79.1594312"/>
 <node id="14041614706" visible="true" version="1" changeset="186238659" timestamp="2026-07-23T14:35:40Z" user="TheLNL" uid="21256080" lat="12.9704999" lon="79.1592532"/>
 <node id="14041614707" visible="true" version="1" changeset="186238659" timestamp="2026-07-23T14:35:40Z" user="TheLNL" uid="21256080" lat="12.9706605" lon="79.1592297"/>
 <node id="14041614708" visible="true" version="1" changeset="186238659" timestamp="2026-07-23T14:35:40Z" user="TheLNL" uid="21256080" lat="12.9705068" lon="79.1593028"/>
 <node id="14041614709" visible="true" version="1" changeset="186238659" timestamp="2026-07-23T14:35:40Z" user="TheLNL" uid="21256080" lat="12.9706674" lon="79.1592794"/>
 <node id="14041614710" visible="true" version="1" changeset="186238659" timestamp="2026-07-23T14:35:40Z" user="TheLNL" uid="21256080" lat="12.9704340" lon="79.1590969"/>
 <node id="14041614711" visible="true" version="1" changeset="186238659" timestamp="2026-07-23T14:35:40Z" user="TheLNL" uid="21256080" lat="12.9704634" lon="79.1593091"/>
 <node id="14041614712" visible="true" version="1" changeset="186238659" timestamp="2026-07-23T14:35:40Z" user="TheLNL" uid="21256080" lat="12.9707098" lon="79.1592732"/>
 <node id="14041614713" visible="true" version="1" changeset="186238659" timestamp="2026-07-23T14:35:40Z" user="TheLNL" uid="21256080" lat="12.9706804" lon="79.1590610"/>
 <node id="14041614714" visible="true" version="1" changeset="186238659" timestamp="2026-07-23T14:35:40Z" user="TheLNL" uid="21256080" lat="12.9703467" lon="79.1596797"/>
 <node id="14041614715" visible="true" version="1" changeset="186238659" timestamp="2026-07-23T14:35:40Z" user="TheLNL" uid="21256080" lat="12.9703171" lon="79.1594654"/>
 <node id="14041614716" visible="true" version="1" changeset="186238659" timestamp="2026-07-23T14:35:40Z" user="TheLNL" uid="21256080" lat="12.9703893" lon="79.1596735"/>
 <node id="14041614717" visible="true" version="1" changeset="186238659" timestamp="2026-07-23T14:35:40Z" user="TheLNL" uid="21256080" lat="12.9703596" lon="79.1594592"/>
 <node id="14041614718" visible="true" version="1" changeset="186238659" timestamp="2026-07-23T14:35:40Z" user="TheLNL" uid="21256080" lat="12.9709475" lon="79.1600375"/>
 <node id="14074817509" visible="true" version="2" changeset="187186729" timestamp="2026-08-09T15:42:35Z" user="TheLNL" uid="21256080" lat="12.9695641" lon="79.1573092">
  <tag k="amenity" v="fast_food"/>
  <tag k="check_date" v="2026-08-05"/>
  <tag k="cuisine" v="juice"/>
  <tag k="name" v="Apples Fruit Zone"/>
 </node>
 <node id="14074817510" visible="true" version="2" changeset="187457497" timestamp="2026-08-14T18:19:43Z" user="TheLNL" uid="21256080" lat="12.9700549" lon="79.1551672">
  <tag k="addr:floor" v="G"/>
  <tag k="check_date" v="2026-08-14"/>
  <tag k="level" v="0"/>
  <tag k="name" v="Ganga Xerox"/>
  <tag k="shop" v="copyshop"/>
 </node>
 <node id="14082415199" visible="true" version="1" changeset="187186729" timestamp="2026-08-09T15:42:35Z" user="TheLNL" uid="21256080" lat="12.9697471" lon="79.1559559"/>
 <node id="14082441204" visible="true" version="1" changeset="187186729" timestamp="2026-08-09T15:42:35Z" user="TheLNL" uid="21256080" lat="12.9695819" lon="79.1573236"/>
 <node id="14082441205" visible="true" version="1" changeset="187186729" timestamp="2026-08-09T15:42:35Z" user="TheLNL" uid="21256080" lat="12.9695819" lon="79.1572841"/>
 <node id="14082441206" visible="true" version="1" changeset="187186729" timestamp="2026-08-09T15:42:35Z" user="TheLNL" uid="21256080" lat="12.9695257" lon="79.1572841"/>
 <node id="14082441207" visible="true" version="1" changeset="187186729" timestamp="2026-08-09T15:42:35Z" user="TheLNL" uid="21256080" lat="12.9695257" lon="79.1573236"/>
 <node id="14082441208" visible="true" version="1" changeset="187186729" timestamp="2026-08-09T15:42:35Z" user="TheLNL" uid="21256080" lat="12.9692477" lon="79.1581356"/>
 <node id="14082441209" visible="true" version="1" changeset="187186729" timestamp="2026-08-09T15:42:35Z" user="TheLNL" uid="21256080" lat="12.9692913" lon="79.1581108"/>
 <node id="14082441210" visible="true" version="1" changeset="187186729" timestamp="2026-08-09T15:42:35Z" user="TheLNL" uid="21256080" lat="12.9693053" lon="79.1581367"/>
 <node id="14082441211" visible="true" version="1" changeset="187186729" timestamp="2026-08-09T15:42:35Z" user="TheLNL" uid="21256080" lat="12.9692617" lon="79.1581615"/>
 <node id="14082441212" visible="true" version="1" changeset="187186729" timestamp="2026-08-09T15:42:35Z" user="TheLNL" uid="21256080" lat="12.9694405" lon="79.1580830"/>
 <node id="14082441213" visible="true" version="1" changeset="187186729" timestamp="2026-08-09T15:42:35Z" user="TheLNL" uid="21256080" lat="12.9693927" lon="79.1581102"/>
 <node id="14082441214" visible="true" version="1" changeset="187186729" timestamp="2026-08-09T15:42:35Z" user="TheLNL" uid="21256080" lat="12.9693741" lon="79.1580756"/>
 <node id="14082441215" visible="true" version="1" changeset="187186729" timestamp="2026-08-09T15:42:35Z" user="TheLNL" uid="21256080" lat="12.9694218" lon="79.1580485"/>
 <node id="14082441216" visible="true" version="1" changeset="187186729" timestamp="2026-08-09T15:42:35Z" user="TheLNL" uid="21256080" lat="12.9696509" lon="79.1582745"/>
 <node id="14082441217" visible="true" version="1" changeset="187186729" timestamp="2026-08-09T15:42:35Z" user="TheLNL" uid="21256080" lat="12.9697347" lon="79.1582811"/>
 <node id="14082441218" visible="true" version="1" changeset="187186729" timestamp="2026-08-09T15:42:35Z" user="TheLNL" uid="21256080" lat="12.9695607" lon="79.1585076"/>
 <node id="14082441219" visible="true" version="1" changeset="187186729" timestamp="2026-08-09T15:42:35Z" user="TheLNL" uid="21256080" lat="12.9695439" lon="79.1585738"/>
 <node id="14082441220" visible="true" version="1" changeset="187186729" timestamp="2026-08-09T15:42:35Z" user="TheLNL" uid="21256080" lat="12.9695245" lon="79.1586019"/>
 <node id="14082441221" visible="true" version="1" changeset="187186729" timestamp="2026-08-09T15:42:35Z" user="TheLNL" uid="21256080" lat="12.9694345" lon="79.1586433"/>
 <node id="14082441222" visible="true" version="1" changeset="187186729" timestamp="2026-08-09T15:42:35Z" user="TheLNL" uid="21256080" lat="12.9692318" lon="79.1585736"/>
 <node id="14082441223" visible="true" version="2" changeset="187420742" timestamp="2026-08-14T04:13:11Z" user="TheLNL" uid="21256080" lat="12.9692524" lon="79.1583687"/>
 <node id="14082441224" visible="true" version="2" changeset="187420742" timestamp="2026-08-14T04:13:11Z" user="TheLNL" uid="21256080" lat="12.9693033" lon="79.1582872"/>
 <node id="14082441225" visible="true" version="1" changeset="187186729" timestamp="2026-08-09T15:42:35Z" user="TheLNL" uid="21256080" lat="12.9694630" lon="79.1581631"/>
 <node id="14082441227" visible="true" version="1" changeset="187186729" timestamp="2026-08-09T15:42:35Z" user="TheLNL" uid="21256080" lat="12.9695327" lon="79.1581724"/>
 <node id="14082441228" visible="true" version="1" changeset="187186729" timestamp="2026-08-09T15:42:35Z" user="TheLNL" uid="21256080" lat="12.9695646" lon="79.1582299"/>
 <node id="14082441229" visible="true" version="1" changeset="187186729" timestamp="2026-08-09T15:42:35Z" user="TheLNL" uid="21256080" lat="12.9701060" lon="79.1558585"/>
 <node id="14082441230" visible="true" version="1" changeset="187186729" timestamp="2026-08-09T15:42:35Z" user="TheLNL" uid="21256080" lat="12.9701072" lon="79.1554915"/>
 <node id="14082441231" visible="true" version="1" changeset="187186729" timestamp="2026-08-09T15:42:35Z" user="TheLNL" uid="21256080" lat="12.9696481" lon="79.1560280"/>
 <node id="14082441232" visible="true" version="1" changeset="187186729" timestamp="2026-08-09T15:42:35Z" user="TheLNL" uid="21256080" lat="12.9696499" lon="79.1558811"/>
 <node id="14082441233" visible="true" version="1" changeset="187186729" timestamp="2026-08-09T15:42:35Z" user="TheLNL" uid="21256080" lat="12.9696276" lon="79.1560240">
  <tag k="highway" v="crossing"/>
 </node>
 <node id="14082441234" visible="true" version="1" changeset="187186729" timestamp="2026-08-09T15:42:35Z" user="TheLNL" uid="21256080" lat="12.9696312" lon="79.1558844">
  <tag k="highway" v="crossing"/>
 </node>
 <node id="14082441235" visible="true" version="1" changeset="187186729" timestamp="2026-08-09T15:42:35Z" user="TheLNL" uid="21256080" lat="12.9696565" lon="79.1553373"/>
 <node id="14082441236" visible="true" version="1" changeset="187186729" timestamp="2026-08-09T15:42:35Z" user="TheLNL" uid="21256080" lat="12.9697215" lon="79.1559840"/>
 <node id="14082441237" visible="true" version="1" changeset="187186729" timestamp="2026-08-09T15:42:35Z" user="TheLNL" uid="21256080" lat="12.9696768" lon="79.1558839"/>
 <node id="14082441238" visible="true" version="1" changeset="187186729" timestamp="2026-08-09T15:42:35Z" user="TheLNL" uid="21256080" lat="12.9696551" lon="79.1560294"/>
 <node id="14082441239" visible="true" version="1" changeset="187186729" timestamp="2026-08-09T15:42:35Z" user="TheLNL" uid="21256080" lat="12.9696540" lon="79.1558804"/>
 <node id="14092597253" visible="true" version="1" changeset="187400459" timestamp="2026-08-13T16:16:41Z" user="TheLNL" uid="21256080" lat="12.9699836" lon="79.1558333">
  <tag k="amenity" v="atm"/>
  <tag k="brand" v="Indian Bank"/>
  <tag k="brand:wikidata" v="Q2003789"/>
  <tag k="check_date" v="2026-08-13"/>
  <tag k="name" v="Indian Bank"/>
 </node>
 <node id="14093657488" visible="true" version="1" changeset="187420742" timestamp="2026-08-14T04:13:11Z" user="TheLNL" uid="21256080" lat="12.9682270" lon="79.1559962"/>
 <node id="14093657489" visible="true" version="1" changeset="187420742" timestamp="2026-08-14T04:13:11Z" user="TheLNL" uid="21256080" lat="12.9682762" lon="79.1559836"/>
 <node id="14093657490" visible="true" version="1" changeset="187420742" timestamp="2026-08-14T04:13:11Z" user="TheLNL" uid="21256080" lat="12.9682966" lon="79.1559678"/>
 <node id="14093657491" visible="true" version="1" changeset="187420742" timestamp="2026-08-14T04:13:11Z" user="TheLNL" uid="21256080" lat="12.9682931" lon="79.1558462"/>
 <node id="14093657492" visible="true" version="1" changeset="187420742" timestamp="2026-08-14T04:13:11Z" user="TheLNL" uid="21256080" lat="12.9682490" lon="79.1558231"/>
 <node id="14093657493" visible="true" version="1" changeset="187420742" timestamp="2026-08-14T04:13:11Z" user="TheLNL" uid="21256080" lat="12.9683092" lon="79.1559550"/>
 <node id="14093657494" visible="true" version="1" changeset="187420742" timestamp="2026-08-14T04:13:11Z" user="TheLNL" uid="21256080" lat="12.9683219" lon="79.1559360"/>
 <node id="14093657495" visible="true" version="1" changeset="187420742" timestamp="2026-08-14T04:13:11Z" user="TheLNL" uid="21256080" lat="12.9683239" lon="79.1558908"/>
 <node id="14093657496" visible="true" version="1" changeset="187420742" timestamp="2026-08-14T04:13:11Z" user="TheLNL" uid="21256080" lat="12.9683130" lon="79.1558707"/>
 <node id="14093657497" visible="true" version="1" changeset="187420742" timestamp="2026-08-14T04:13:11Z" user="TheLNL" uid="21256080" lat="12.9688032" lon="79.1558128">
  <tag k="highway" v="crossing"/>
 </node>
 <node id="14093657498" visible="true" version="1" changeset="187420742" timestamp="2026-08-14T04:13:11Z" user="TheLNL" uid="21256080" lat="12.9687657" lon="79.1558128"/>
 <node id="14093657499" visible="true" version="1" changeset="187420742" timestamp="2026-08-14T04:13:11Z" user="TheLNL" uid="21256080" lat="12.9688505" lon="79.1558129"/>
 <node id="14093657500" visible="true" version="1" changeset="187420742" timestamp="2026-08-14T04:13:11Z" user="TheLNL" uid="21256080" lat="12.9687267" lon="79.1555470"/>
 <node id="14093702401" visible="true" version="1" changeset="187420742" timestamp="2026-08-14T04:13:11Z" user="TheLNL" uid="21256080" lat="12.9686995" lon="79.1555533"/>
 <node id="14093702402" visible="true" version="1" changeset="187420742" timestamp="2026-08-14T04:13:11Z" user="TheLNL" uid="21256080" lat="12.9687691" lon="79.1556124"/>
 <node id="14093702403" visible="true" version="1" changeset="187420742" timestamp="2026-08-14T04:13:11Z" user="TheLNL" uid="21256080" lat="12.9687561" lon="79.1555699"/>
 <node id="14093702404" visible="true" version="1" changeset="187420742" timestamp="2026-08-14T04:13:11Z" user="TheLNL" uid="21256080" lat="12.9687659" lon="79.1555901"/>
 <node id="14093702405" visible="true" version="1" changeset="187420742" timestamp="2026-08-14T04:13:11Z" user="TheLNL" uid="21256080" lat="12.9687125" lon="79.1555473"/>
 <node id="14093702406" visible="true" version="1" changeset="187420742" timestamp="2026-08-14T04:13:11Z" user="TheLNL" uid="21256080" lat="12.9687577" lon="79.1562951"/>
 <node id="14093702407" visible="true" version="1" changeset="187420742" timestamp="2026-08-14T04:13:11Z" user="TheLNL" uid="21256080" lat="12.9687494" lon="79.1563245"/>
 <node id="14093702408" visible="true" version="1" changeset="187420742" timestamp="2026-08-14T04:13:11Z" user="TheLNL" uid="21256080" lat="12.9687105" lon="79.1563423"/>
 <node id="14093702409" visible="true" version="1" changeset="187420742" timestamp="2026-08-14T04:13:11Z" user="TheLNL" uid="21256080" lat="12.9686878" lon="79.1563338"/>
 <node id="14093702410" visible="true" version="1" changeset="187420742" timestamp="2026-08-14T04:13:11Z" user="TheLNL" uid="21256080" lat="12.9686706" lon="79.1555750"/>
 <node id="14093702411" visible="true" version="1" changeset="187420742" timestamp="2026-08-14T04:13:11Z" user="TheLNL" uid="21256080" lat="12.9686286" lon="79.1556247"/>
 <node id="14093702412" visible="true" version="1" changeset="187420742" timestamp="2026-08-14T04:13:11Z" user="TheLNL" uid="21256080" lat="12.9685929" lon="79.1556792"/>
 <node id="14093702413" visible="true" version="1" changeset="187420742" timestamp="2026-08-14T04:13:11Z" user="TheLNL" uid="21256080" lat="12.9685640" lon="79.1557380"/>
 <node id="14093702414" visible="true" version="1" changeset="187420742" timestamp="2026-08-14T04:13:11Z" user="TheLNL" uid="21256080" lat="12.9685425" lon="79.1557999"/>
 <node id="14093702415" visible="true" version="1" changeset="187420742" timestamp="2026-08-14T04:13:11Z" user="TheLNL" uid="21256080" lat="12.9685287" lon="79.1558641"/>
 <node id="14093702416" visible="true" version="1" changeset="187420742" timestamp="2026-08-14T04:13:11Z" user="TheLNL" uid="21256080" lat="12.9685248" lon="79.1559972"/>
 <node id="14093702417" visible="true" version="1" changeset="187420742" timestamp="2026-08-14T04:13:11Z" user="TheLNL" uid="21256080" lat="12.9685354" lon="79.1560641"/>
 <node id="14093702418" visible="true" version="1" changeset="187420742" timestamp="2026-08-14T04:13:11Z" user="TheLNL" uid="21256080" lat="12.9685542" lon="79.1561290"/>
 <node id="14093702419" visible="true" version="1" changeset="187420742" timestamp="2026-08-14T04:13:11Z" user="TheLNL" uid="21256080" lat="12.9685809" lon="79.1561910"/>
 <node id="14093702420" visible="true" version="1" changeset="187420742" timestamp="2026-08-14T04:13:11Z" user="TheLNL" uid="21256080" lat="12.9686151" lon="79.1562489"/>
 <node id="14093702421" visible="true" version="1" changeset="187420742" timestamp="2026-08-14T04:13:11Z" user="TheLNL" uid="21256080" lat="12.9686563" lon="79.1563019"/>
 <node id="14093702422" visible="true" version="1" changeset="187420742" timestamp="2026-08-14T04:13:11Z" user="TheLNL" uid="21256080" lat="12.9685227" lon="79.1559295"/>
 <node id="14093702423" visible="true" version="1" changeset="187420742" timestamp="2026-08-14T04:13:11Z" user="TheLNL" uid="21256080" lat="12.9687319" lon="79.1563372"/>
 <node id="14093702424" visible="true" version="1" changeset="187420742" timestamp="2026-08-14T04:13:11Z" user="TheLNL" uid="21256080" lat="12.9687406" lon="79.1555525"/>
 <node id="14093702425" visible="true" version="1" changeset="187420742" timestamp="2026-08-14T04:13:11Z" user="TheLNL" uid="21256080" lat="12.9688462" lon="79.1560600"/>
 <node id="14093702426" visible="true" version="1" changeset="187420742" timestamp="2026-08-14T04:13:11Z" user="TheLNL" uid="21256080" lat="12.9688509" lon="79.1557918"/>
 <node id="14093702427" visible="true" version="1" changeset="187420742" timestamp="2026-08-14T04:13:11Z" user="TheLNL" uid="21256080" lat="12.9687984" lon="79.1561145"/>
 <node id="14093702428" visible="true" version="1" changeset="187420742" timestamp="2026-08-14T04:13:11Z" user="TheLNL" uid="21256080" lat="12.9688912" lon="79.1560087"/>
 <node id="14093702429" visible="true" version="1" changeset="187420742" timestamp="2026-08-14T04:13:11Z" user="TheLNL" uid="21256080" lat="12.9688899" lon="79.1558383"/>
 <node id="14093702430" visible="true" version="1" changeset="187420742" timestamp="2026-08-14T04:13:11Z" user="TheLNL" uid="21256080" lat="12.9688044" lon="79.1557364"/>
 <node id="14093702431" visible="true" version="1" changeset="187420742" timestamp="2026-08-14T04:13:11Z" user="TheLNL" uid="21256080" lat="12.9683270" lon="79.1559136"/>
 <node id="14093702432" visible="true" version="1" changeset="187420742" timestamp="2026-08-14T04:13:11Z" user="TheLNL" uid="21256080" lat="12.9687449" lon="79.1554327"/>
 <node id="14093702433" visible="true" version="1" changeset="187420742" timestamp="2026-08-14T04:13:11Z" user="TheLNL" uid="21256080" lat="12.9686868" lon="79.1554755"/>
 <node id="14093702434" visible="true" version="1" changeset="187420742" timestamp="2026-08-14T04:13:11Z" user="TheLNL" uid="21256080" lat="12.9686344" lon="79.1555254"/>
 <node id="14093702435" visible="true" version="1" changeset="187420742" timestamp="2026-08-14T04:13:11Z" user="TheLNL" uid="21256080" lat="12.9685884" lon="79.1555816"/>
 <node id="14093702436" visible="true" version="1" changeset="187420742" timestamp="2026-08-14T04:13:11Z" user="TheLNL" uid="21256080" lat="12.9685497" lon="79.1556433"/>
 <node id="14093702437" visible="true" version="1" changeset="187420742" timestamp="2026-08-14T04:13:11Z" user="TheLNL" uid="21256080" lat="12.9685187" lon="79.1557095"/>
 <node id="14093702438" visible="true" version="1" changeset="187420742" timestamp="2026-08-14T04:13:11Z" user="TheLNL" uid="21256080" lat="12.9684961" lon="79.1557790"/>
 <node id="14093702439" visible="true" version="1" changeset="187420742" timestamp="2026-08-14T04:13:11Z" user="TheLNL" uid="21256080" lat="12.9684821" lon="79.1558510"/>
 <node id="14093702440" visible="true" version="1" changeset="187420742" timestamp="2026-08-14T04:13:11Z" user="TheLNL" uid="21256080" lat="12.9684806" lon="79.1559966"/>
 <node id="14093702441" visible="true" version="1" changeset="187420742" timestamp="2026-08-14T04:13:11Z" user="TheLNL" uid="21256080" lat="12.9684930" lon="79.1560680"/>
 <node id="14093702442" visible="true" version="1" changeset="187420742" timestamp="2026-08-14T04:13:11Z" user="TheLNL" uid="21256080" lat="12.9685138" lon="79.1561372"/>
 <node id="14093702443" visible="true" version="1" changeset="187420742" timestamp="2026-08-14T04:13:11Z" user="TheLNL" uid="21256080" lat="12.9685428" lon="79.1562033"/>
 <node id="14093702444" visible="true" version="1" changeset="187420742" timestamp="2026-08-14T04:13:11Z" user="TheLNL" uid="21256080" lat="12.9685796" lon="79.1562653"/>
 <node id="14093702445" visible="true" version="1" changeset="187420742" timestamp="2026-08-14T04:13:11Z" user="TheLNL" uid="21256080" lat="12.9686235" lon="79.1563221"/>
 <node id="14093702446" visible="true" version="1" changeset="187420742" timestamp="2026-08-14T04:13:11Z" user="TheLNL" uid="21256080" lat="12.9686738" lon="79.1563729"/>
 <node id="14093702447" visible="true" version="1" changeset="187420742" timestamp="2026-08-14T04:13:11Z" user="TheLNL" uid="21256080" lat="12.9687300" lon="79.1564170"/>
 <node id="14093702448" visible="true" version="1" changeset="187420742" timestamp="2026-08-14T04:13:11Z" user="TheLNL" uid="21256080" lat="12.9688097" lon="79.1553977"/>
 <node id="14093702449" visible="true" version="1" changeset="187420742" timestamp="2026-08-14T04:13:11Z" user="TheLNL" uid="21256080" lat="12.9684769" lon="79.1559242"/>
 <node id="14093702450" visible="true" version="1" changeset="187420742" timestamp="2026-08-14T04:13:11Z" user="TheLNL" uid="21256080" lat="12.9682733" lon="79.1558300"/>
 <node id="14093702451" visible="true" version="1" changeset="187420742" timestamp="2026-08-14T04:13:11Z" user="TheLNL" uid="21256080" lat="12.9682712" lon="79.1559057"/>
 <node id="14093702452" visible="true" version="1" changeset="187420742" timestamp="2026-08-14T04:13:11Z" user="TheLNL" uid="21256080" lat="12.9682235" lon="79.1559050"/>
 <node id="14093702453" visible="true" version="1" changeset="187420742" timestamp="2026-08-14T04:13:11Z" user="TheLNL" uid="21256080" lat="12.9682233" lon="79.1559225"/>
 <node id="14093702454" visible="true" version="1" changeset="187420742" timestamp="2026-08-14T04:13:11Z" user="TheLNL" uid="21256080" lat="12.9682709" lon="79.1559232"/>
 <node id="14093702455" visible="true" version="1" changeset="187420742" timestamp="2026-08-14T04:13:11Z" user="TheLNL" uid="21256080" lat="12.9680902" lon="79.1559928"/>
 <node id="14093702456" visible="true" version="1" changeset="187420742" timestamp="2026-08-14T04:13:11Z" user="TheLNL" uid="21256080" lat="12.9682525" lon="79.1559933"/>
 <node id="14093702457" visible="true" version="1" changeset="187420742" timestamp="2026-08-14T04:13:11Z" user="TheLNL" uid="21256080" lat="12.9681515" lon="79.1561830"/>
 <node id="14093702458" visible="true" version="1" changeset="187420742" timestamp="2026-08-14T04:13:11Z" user="TheLNL" uid="21256080" lat="12.9696342" lon="79.1559532"/>
 <node id="14093702459" visible="true" version="1" changeset="187420742" timestamp="2026-08-14T04:13:11Z" user="TheLNL" uid="21256080" lat="12.9696410" lon="79.1559402"/>
 <node id="14093702460" visible="true" version="1" changeset="187420742" timestamp="2026-08-14T04:13:11Z" user="TheLNL" uid="21256080" lat="12.9696542" lon="79.1559343"/>
 <node id="14093702461" visible="true" version="1" changeset="187420742" timestamp="2026-08-14T04:13:11Z" user="TheLNL" uid="21256080" lat="12.9696752" lon="79.1559465"/>
 <node id="14093702462" visible="true" version="1" changeset="187420742" timestamp="2026-08-14T04:13:11Z" user="TheLNL" uid="21256080" lat="12.9696775" lon="79.1559572"/>
 <node id="14093702463" visible="true" version="1" changeset="187420742" timestamp="2026-08-14T04:13:11Z" user="TheLNL" uid="21256080" lat="12.9696632" lon="79.1559777"/>
 <node id="14093702464" visible="true" version="1" changeset="187420742" timestamp="2026-08-14T04:13:11Z" user="TheLNL" uid="21256080" lat="12.9696482" lon="79.1559777"/>
 <node id="14093702465" visible="true" version="1" changeset="187420742" timestamp="2026-08-14T04:13:11Z" user="TheLNL" uid="21256080" lat="12.9696368" lon="79.1559678"/>
 <node id="14093702466" visible="true" version="1" changeset="187420742" timestamp="2026-08-14T04:13:11Z" user="TheLNL" uid="21256080" lat="12.9696747" lon="79.1559678"/>
 <node id="14093702467" visible="true" version="1" changeset="187420742" timestamp="2026-08-14T04:13:11Z" user="TheLNL" uid="21256080" lat="12.9696681" lon="79.1559383"/>
 <node id="14093702468" visible="true" version="1" changeset="187420742" timestamp="2026-08-14T04:13:11Z" user="TheLNL" uid="21256080" lat="12.9690532" lon="79.1571835">
  <tag k="highway" v="crossing"/>
 </node>
 <node id="14093702469" visible="true" version="1" changeset="187420742" timestamp="2026-08-14T04:13:11Z" user="TheLNL" uid="21256080" lat="12.9690497" lon="79.1565897">
  <tag k="highway" v="crossing"/>
 </node>
 <node id="14093702470" visible="true" version="1" changeset="187420742" timestamp="2026-08-14T04:13:11Z" user="TheLNL" uid="21256080" lat="12.9690542" lon="79.1571493"/>
 <node id="14093702471" visible="true" version="1" changeset="187420742" timestamp="2026-08-14T04:13:11Z" user="TheLNL" uid="21256080" lat="12.9689131" lon="79.1565926"/>
 <node id="14093702472" visible="true" version="1" changeset="187420742" timestamp="2026-08-14T04:13:11Z" user="TheLNL" uid="21256080" lat="12.9688675" lon="79.1565949"/>
 <node id="14093702473" visible="true" version="1" changeset="187420742" timestamp="2026-08-14T04:13:11Z" user="TheLNL" uid="21256080" lat="12.9688568" lon="79.1565966"/>
 <node id="14093702474" visible="true" version="1" changeset="187420742" timestamp="2026-08-14T04:13:11Z" user="TheLNL" uid="21256080" lat="12.9688429" lon="79.1566066"/>
 <node id="14093702475" visible="true" version="1" changeset="187420742" timestamp="2026-08-14T04:13:11Z" user="TheLNL" uid="21256080" lat="12.9688405" lon="79.1566153"/>
 <node id="14093702476" visible="true" version="1" changeset="187420742" timestamp="2026-08-14T04:13:11Z" user="TheLNL" uid="21256080" lat="12.9688321" lon="79.1571727"/>
 <node id="14093702477" visible="true" version="1" changeset="187420742" timestamp="2026-08-14T04:13:11Z" user="TheLNL" uid="21256080" lat="12.9688193" lon="79.1571332"/>
 <node id="14093702478" visible="true" version="1" changeset="187420742" timestamp="2026-08-14T04:13:11Z" user="TheLNL" uid="21256080" lat="12.9688366" lon="79.1571664"/>
 <node id="14093702479" visible="true" version="1" changeset="187420742" timestamp="2026-08-14T04:13:11Z" user="TheLNL" uid="21256080" lat="12.9688549" lon="79.1571718"/>
 <node id="14093702480" visible="true" version="1" changeset="187420742" timestamp="2026-08-14T04:13:11Z" user="TheLNL" uid="21256080" lat="12.9688903" lon="79.1565926"/>
 <node id="14093702481" visible="true" version="1" changeset="187420742" timestamp="2026-08-14T04:13:11Z" user="TheLNL" uid="21256080" lat="12.9688487" lon="79.1566000"/>
 <node id="14093702482" visible="true" version="1" changeset="187420742" timestamp="2026-08-14T04:13:11Z" user="TheLNL" uid="21256080" lat="12.9688235" lon="79.1571523"/>
 <node id="14093702483" visible="true" version="1" changeset="187420742" timestamp="2026-08-14T04:13:11Z" user="TheLNL" uid="21256080" lat="12.9690356" lon="79.1571737"/>
 <node id="14093702484" visible="true" version="1" changeset="187420742" timestamp="2026-08-14T04:13:11Z" user="TheLNL" uid="21256080" lat="12.9690353" lon="79.1571509"/>
 <node id="14093702485" visible="true" version="1" changeset="187420742" timestamp="2026-08-14T04:13:11Z" user="TheLNL" uid="21256080" lat="12.9690889" lon="79.1570380"/>
 <node id="14093702486" visible="true" version="1" changeset="187420742" timestamp="2026-08-14T04:13:11Z" user="TheLNL" uid="21256080" lat="12.9690895" lon="79.1567463"/>
 <node id="14093702487" visible="true" version="1" changeset="187420742" timestamp="2026-08-14T04:13:11Z" user="TheLNL" uid="21256080" lat="12.9690301" lon="79.1565961"/>
 <node id="14093702488" visible="true" version="1" changeset="187420742" timestamp="2026-08-14T04:13:11Z" user="TheLNL" uid="21256080" lat="12.9690524" lon="79.1572084"/>
 <node id="14093702489" visible="true" version="1" changeset="187420742" timestamp="2026-08-14T04:13:11Z" user="TheLNL" uid="21256080" lat="12.9691108" lon="79.1570333"/>
 <node id="14093702490" visible="true" version="1" changeset="187420742" timestamp="2026-08-14T04:13:11Z" user="TheLNL" uid="21256080" lat="12.9691095" lon="79.1567168"/>
 <node id="14093702491" visible="true" version="1" changeset="187420742" timestamp="2026-08-14T04:13:11Z" user="TheLNL" uid="21256080" lat="12.9690324" lon="79.1565532"/>
 <node id="14093702492" visible="true" version="1" changeset="187420742" timestamp="2026-08-14T04:13:11Z" user="TheLNL" uid="21256080" lat="12.9700657" lon="79.1588223"/>
 <node id="14093702493" visible="true" version="1" changeset="187420742" timestamp="2026-08-14T04:13:11Z" user="TheLNL" uid="21256080" lat="12.9689463" lon="79.1602789"/>
 <node id="14093702494" visible="true" version="1" changeset="187420742" timestamp="2026-08-14T04:13:11Z" user="TheLNL" uid="21256080" lat="12.9689971" lon="79.1604562"/>
 <node id="14093702495" visible="true" version="1" changeset="187420742" timestamp="2026-08-14T04:13:11Z" user="TheLNL" uid="21256080" lat="12.9694173" lon="79.1613415"/>
 <node id="14093702496" visible="true" version="1" changeset="187420742" timestamp="2026-08-14T04:13:11Z" user="TheLNL" uid="21256080" lat="12.9697048" lon="79.1619078"/>
 <node id="14093702497" visible="true" version="1" changeset="187420742" timestamp="2026-08-14T04:13:11Z" user="TheLNL" uid="21256080" lat="12.9698589" lon="79.1620943"/>
 <node id="14093702498" visible="true" version="1" changeset="187420742" timestamp="2026-08-14T04:13:11Z" user="TheLNL" uid="21256080" lat="12.9699216" lon="79.1621268"/>
 <node id="14093702499" visible="true" version="1" changeset="187420742" timestamp="2026-08-14T04:13:11Z" user="TheLNL" uid="21256080" lat="12.9699649" lon="79.1621216"/>
 <node id="14093702500" visible="true" version="1" changeset="187420742" timestamp="2026-08-14T04:13:11Z" user="TheLNL" uid="21256080" lat="12.9699873" lon="79.1620793"/>
 <node id="14093702501" visible="true" version="1" changeset="187420742" timestamp="2026-08-14T04:13:11Z" user="TheLNL" uid="21256080" lat="12.9699879" lon="79.1616534"/>
 <node id="14093702502" visible="true" version="1" changeset="187420742" timestamp="2026-08-14T04:13:11Z" user="TheLNL" uid="21256080" lat="12.9700297" lon="79.1615489"/>
 <node id="14093702503" visible="true" version="1" changeset="187420742" timestamp="2026-08-14T04:13:11Z" user="TheLNL" uid="21256080" lat="12.9701738" lon="79.1613923"/>
 <node id="14093702504" visible="true" version="1" changeset="187420742" timestamp="2026-08-14T04:13:11Z" user="TheLNL" uid="21256080" lat="12.9703454" lon="79.1613080"/>
 <node id="14093702505" visible="true" version="1" changeset="187420742" timestamp="2026-08-14T04:13:11Z" user="TheLNL" uid="21256080" lat="12.9703878" lon="79.1612318"/>
 <node id="14093702506" visible="true" version="1" changeset="187420742" timestamp="2026-08-14T04:13:11Z" user="TheLNL" uid="21256080" lat="12.9702512" lon="79.1599266"/>
 <node id="14093702507" visible="true" version="1" changeset="187420742" timestamp="2026-08-14T04:13:11Z" user="TheLNL" uid="21256080" lat="12.9702088" lon="79.1598702"/>
 <node id="14093702508" visible="true" version="1" changeset="187420742" timestamp="2026-08-14T04:13:11Z" user="TheLNL" uid="21256080" lat="12.9701780" lon="79.1598529"/>
 <node id="14093702509" visible="true" version="1" changeset="187420742" timestamp="2026-08-14T04:13:11Z" user="TheLNL" uid="21256080" lat="12.9698783" lon="79.1598207"/>
 <node id="14093702510" visible="true" version="1" changeset="187420742" timestamp="2026-08-14T04:13:11Z" user="TheLNL" uid="21256080" lat="12.9697870" lon="79.1597651"/>
 <node id="14093702511" visible="true" version="1" changeset="187420742" timestamp="2026-08-14T04:13:11Z" user="TheLNL" uid="21256080" lat="12.9697664" lon="79.1596941"/>
 <node id="14093702512" visible="true" version="1" changeset="187420742" timestamp="2026-08-14T04:13:11Z" user="TheLNL" uid="21256080" lat="12.9697656" lon="79.1591908"/>
 <node id="14093702513" visible="true" version="1" changeset="187420742" timestamp="2026-08-14T04:13:11Z" user="TheLNL" uid="21256080" lat="12.9696944" lon="79.1590793"/>
 <node id="14093702514" visible="true" version="1" changeset="187420742" timestamp="2026-08-14T04:13:11Z" user="TheLNL" uid="21256080" lat="12.9696137" lon="79.1590442"/>
 <node id="14093702515" visible="true" version="1" changeset="187420742" timestamp="2026-08-14T04:13:11Z" user="TheLNL" uid="21256080" lat="12.9688043" lon="79.1589060"/>
 <node id="14093702516" visible="true" version="1" changeset="187420742" timestamp="2026-08-14T04:13:11Z" user="TheLNL" uid="21256080" lat="12.9687477" lon="79.1589152"/>
 <node id="14093702517" visible="true" version="1" changeset="187420742" timestamp="2026-08-14T04:13:11Z" user="TheLNL" uid="21256080" lat="12.9686997" lon="79.1589860"/>
 <node id="14093702518" visible="true" version="1" changeset="187420742" timestamp="2026-08-14T04:13:11Z" user="TheLNL" uid="21256080" lat="12.9701081" lon="79.1614361"/>
 <node id="14093702519" visible="true" version="2" changeset="187710072" timestamp="2026-08-19T19:47:17Z" user="Alok Maan" uid="24436891" lat="12.9700417" lon="79.1624528"/>
 <node id="14093702520" visible="true" version="1" changeset="187420742" timestamp="2026-08-14T04:13:11Z" user="TheLNL" uid="21256080" lat="12.9697159" lon="79.1620865"/>
 <node id="14093702521" visible="true" version="1" changeset="187420742" timestamp="2026-08-14T04:13:11Z" user="TheLNL" uid="21256080" lat="12.9689134" lon="79.1603968"/>
 <node id="14093702522" visible="true" version="1" changeset="187420742" timestamp="2026-08-14T04:13:11Z" user="TheLNL" uid="21256080" lat="12.9673270" lon="79.1591757"/>
 <node id="14093702523" visible="true" version="1" changeset="187420742" timestamp="2026-08-14T04:13:11Z" user="TheLNL" uid="21256080" lat="12.9674235" lon="79.1598157"/>
 <node id="14093702524" visible="true" version="1" changeset="187420742" timestamp="2026-08-14T04:13:11Z" user="TheLNL" uid="21256080" lat="12.9673952" lon="79.1598096"/>
 <node id="14093702525" visible="true" version="1" changeset="187420742" timestamp="2026-08-14T04:13:11Z" user="TheLNL" uid="21256080" lat="12.9673541" lon="79.1597693"/>
 <node id="14093702526" visible="true" version="1" changeset="187420742" timestamp="2026-08-14T04:13:11Z" user="TheLNL" uid="21256080" lat="12.9673468" lon="79.1597405"/>
 <node id="14093702527" visible="true" version="1" changeset="187420742" timestamp="2026-08-14T04:13:11Z" user="TheLNL" uid="21256080" lat="12.9673502" lon="79.1597110"/>
 <node id="14093702528" visible="true" version="1" changeset="187420742" timestamp="2026-08-14T04:13:11Z" user="TheLNL" uid="21256080" lat="12.9677581" lon="79.1598230"/>
 <node id="14093702529" visible="true" version="1" changeset="187420742" timestamp="2026-08-14T04:13:11Z" user="TheLNL" uid="21256080" lat="12.9677686" lon="79.1593426"/>
 <node id="14093702530" visible="true" version="1" changeset="187420742" timestamp="2026-08-14T04:13:11Z" user="TheLNL" uid="21256080" lat="12.9683070" lon="79.1595854"/>
 <node id="14093702531" visible="true" version="1" changeset="187420742" timestamp="2026-08-14T04:13:11Z" user="TheLNL" uid="21256080" lat="12.9683005" lon="79.1598348"/>
 <node id="14093702532" visible="true" version="1" changeset="187420742" timestamp="2026-08-14T04:13:11Z" user="TheLNL" uid="21256080" lat="12.9673709" lon="79.1597934"/>
 <node id="14093702533" visible="true" version="1" changeset="187420742" timestamp="2026-08-14T04:13:11Z" user="TheLNL" uid="21256080" lat="12.9675020" lon="79.1592139"/>
 <node id="14093702534" visible="true" version="1" changeset="187420742" timestamp="2026-08-14T04:13:11Z" user="TheLNL" uid="21256080" lat="12.9675725" lon="79.1588545"/>
 <node id="14093702535" visible="true" version="1" changeset="187420742" timestamp="2026-08-14T04:13:11Z" user="TheLNL" uid="21256080" lat="12.9677431" lon="79.1587892"/>
 <node id="14093702536" visible="true" version="1" changeset="187420742" timestamp="2026-08-14T04:13:11Z" user="TheLNL" uid="21256080" lat="12.9676912" lon="79.1588330"/>
 <node id="14093702537" visible="true" version="1" changeset="187420742" timestamp="2026-08-14T04:13:11Z" user="TheLNL" uid="21256080" lat="12.9678881" lon="79.1587923"/>
 <node id="14093702538" visible="true" version="1" changeset="187420742" timestamp="2026-08-14T04:13:11Z" user="TheLNL" uid="21256080" lat="12.9678849" lon="79.1589525"/>
 <node id="14093702539" visible="true" version="1" changeset="187420742" timestamp="2026-08-14T04:13:11Z" user="TheLNL" uid="21256080" lat="12.9676889" lon="79.1589484"/>
 <node id="14093702540" visible="true" version="1" changeset="187420742" timestamp="2026-08-14T04:13:11Z" user="TheLNL" uid="21256080" lat="12.9676797" lon="79.1587236"/>
 <node id="14093702541" visible="true" version="1" changeset="187420742" timestamp="2026-08-14T04:13:11Z" user="TheLNL" uid="21256080" lat="12.9676234" lon="79.1587817"/>
 <node id="14093702542" visible="true" version="1" changeset="187420742" timestamp="2026-08-14T04:13:11Z" user="TheLNL" uid="21256080" lat="12.9676230" lon="79.1588010"/>
 <node id="14093702543" visible="true" version="1" changeset="187420742" timestamp="2026-08-14T04:13:11Z" user="TheLNL" uid="21256080" lat="12.9676153" lon="79.1588008"/>
 <node id="14093702544" visible="true" version="1" changeset="187420742" timestamp="2026-08-14T04:13:11Z" user="TheLNL" uid="21256080" lat="12.9677259" lon="79.1587246"/>
 <node id="14093702545" visible="true" version="1" changeset="187420742" timestamp="2026-08-14T04:13:11Z" user="TheLNL" uid="21256080" lat="12.9677261" lon="79.1587160"/>
 <node id="14093702546" visible="true" version="1" changeset="187420742" timestamp="2026-08-14T04:13:11Z" user="TheLNL" uid="21256080" lat="12.9676106" lon="79.1590297"/>
 <node id="14093702547" visible="true" version="1" changeset="187420742" timestamp="2026-08-14T04:13:11Z" user="TheLNL" uid="21256080" lat="12.9679869" lon="79.1587215"/>
 <node id="14093702548" visible="true" version="1" changeset="187420742" timestamp="2026-08-14T04:13:11Z" user="TheLNL" uid="21256080" lat="12.9696083" lon="79.1588264"/>
 <node id="14093702549" visible="true" version="1" changeset="187420742" timestamp="2026-08-14T04:13:11Z" user="TheLNL" uid="21256080" lat="12.9696244" lon="79.1586931"/>
 <node id="14093702550" visible="true" version="1" changeset="187420742" timestamp="2026-08-14T04:13:11Z" user="TheLNL" uid="21256080" lat="12.9695956" lon="79.1589309"/>
 <node id="14093702551" visible="true" version="1" changeset="187420742" timestamp="2026-08-14T04:13:11Z" user="TheLNL" uid="21256080" lat="12.9689696" lon="79.1588344"/>
 <node id="14093702552" visible="true" version="1" changeset="187420742" timestamp="2026-08-14T04:13:11Z" user="TheLNL" uid="21256080" lat="12.9686834" lon="79.1594298"/>
 <node id="14093702553" visible="true" version="1" changeset="187420742" timestamp="2026-08-14T04:13:11Z" user="TheLNL" uid="21256080" lat="12.9687592" lon="79.1597638"/>
 <node id="14093702554" visible="true" version="1" changeset="187420742" timestamp="2026-08-14T04:13:11Z" user="TheLNL" uid="21256080" lat="12.9686220" lon="79.1587874"/>
 <node id="14093702555" visible="true" version="1" changeset="187420742" timestamp="2026-08-14T04:13:11Z" user="TheLNL" uid="21256080" lat="12.9697786" lon="79.1589712"/>
 <node id="14093702556" visible="true" version="1" changeset="187420742" timestamp="2026-08-14T04:13:11Z" user="TheLNL" uid="21256080" lat="12.9686177" lon="79.1587174"/>
 <node id="14093702557" visible="true" version="1" changeset="187420742" timestamp="2026-08-14T04:13:11Z" user="TheLNL" uid="21256080" lat="12.9698387" lon="79.1588518"/>
 <node id="14093702558" visible="true" version="1" changeset="187420742" timestamp="2026-08-14T04:13:11Z" user="TheLNL" uid="21256080" lat="12.9697917" lon="79.1590288"/>
 <node id="14093702559" visible="true" version="1" changeset="187420742" timestamp="2026-08-14T04:13:11Z" user="TheLNL" uid="21256080" lat="12.9685789" lon="79.1588250"/>
 <node id="14093702560" visible="true" version="1" changeset="187420742" timestamp="2026-08-14T04:13:11Z" user="TheLNL" uid="21256080" lat="12.9685736" lon="79.1586935"/>
 <node id="14093702561" visible="true" version="1" changeset="187420742" timestamp="2026-08-14T04:13:11Z" user="TheLNL" uid="21256080" lat="12.9700138" lon="79.1587231"/>
 <node id="14093702562" visible="true" version="1" changeset="187420742" timestamp="2026-08-14T04:13:11Z" user="TheLNL" uid="21256080" lat="12.9696933" lon="79.1581549"/>
 <node id="14093702563" visible="true" version="1" changeset="187420742" timestamp="2026-08-14T04:13:11Z" user="TheLNL" uid="21256080" lat="12.9697048" lon="79.1581579"/>
 <node id="14093702564" visible="true" version="1" changeset="187420742" timestamp="2026-08-14T04:13:11Z" user="TheLNL" uid="21256080" lat="12.9697160" lon="79.1581812"/>
 <node id="14093702565" visible="true" version="1" changeset="187420742" timestamp="2026-08-14T04:13:11Z" user="TheLNL" uid="21256080" lat="12.9697093" lon="79.1581945"/>
 <node id="14093702566" visible="true" version="1" changeset="187420742" timestamp="2026-08-14T04:13:11Z" user="TheLNL" uid="21256080" lat="12.9696961" lon="79.1582008"/>
 <node id="14093702567" visible="true" version="1" changeset="187420742" timestamp="2026-08-14T04:13:11Z" user="TheLNL" uid="21256080" lat="12.9696727" lon="79.1581855"/>
 <node id="14093702568" visible="true" version="1" changeset="187420742" timestamp="2026-08-14T04:13:11Z" user="TheLNL" uid="21256080" lat="12.9696727" lon="79.1581703"/>
 <node id="14093702569" visible="true" version="1" changeset="187420742" timestamp="2026-08-14T04:13:11Z" user="TheLNL" uid="21256080" lat="12.9696819" lon="79.1581973"/>
 <node id="14093702570" visible="true" version="1" changeset="187420742" timestamp="2026-08-14T04:13:11Z" user="TheLNL" uid="21256080" lat="12.9696819" lon="79.1581584"/>
 <node id="14093702571" visible="true" version="1" changeset="187420742" timestamp="2026-08-14T04:13:11Z" user="TheLNL" uid="21256080" lat="12.9697132" lon="79.1581665"/>
 <node id="14093702572" visible="true" version="1" changeset="187420742" timestamp="2026-08-14T04:13:11Z" user="TheLNL" uid="21256080" lat="12.9695703" lon="79.1580422"/>
 <node id="14093702573" visible="true" version="1" changeset="187420742" timestamp="2026-08-14T04:13:11Z" user="TheLNL" uid="21256080" lat="12.9695180" lon="79.1580194"/>
 <node id="14093702574" visible="true" version="1" changeset="187420742" timestamp="2026-08-14T04:13:11Z" user="TheLNL" uid="21256080" lat="12.9695015" lon="79.1580592"/>
 <node id="14093702575" visible="true" version="1" changeset="187420742" timestamp="2026-08-14T04:13:11Z" user="TheLNL" uid="21256080" lat="12.9695538" lon="79.1580820"/>
 <node id="14093702576" visible="true" version="1" changeset="187420742" timestamp="2026-08-14T04:13:11Z" user="TheLNL" uid="21256080" lat="12.9700079" lon="79.1563854"/>
 <node id="14093702577" visible="true" version="1" changeset="187420742" timestamp="2026-08-14T04:13:11Z" user="TheLNL" uid="21256080" lat="12.9698341" lon="79.1563801"/>
 <node id="14093702578" visible="true" version="1" changeset="187420742" timestamp="2026-08-14T04:13:11Z" user="TheLNL" uid="21256080" lat="12.9698361" lon="79.1563131"/>
 <node id="14093702579" visible="true" version="1" changeset="187420742" timestamp="2026-08-14T04:13:11Z" user="TheLNL" uid="21256080" lat="12.9700099" lon="79.1563185"/>
 <node id="14095290922" visible="true" version="1" changeset="187457497" timestamp="2026-08-14T18:19:43Z" user="TheLNL" uid="21256080" lat="12.9699060" lon="79.1551560">
  <tag k="addr:floor" v="G"/>
  <tag k="check_date" v="2026-08-14"/>
  <tag k="level" v="0"/>
  <tag k="name" v="NSS Office"/>
  <tag k="office" v="association"/>
 </node>
 <node id="14095290923" visible="true" version="1" changeset="187457497" timestamp="2026-08-14T18:19:43Z" user="TheLNL" uid="21256080" lat="12.9696911" lon="79.1551466">
  <tag k="addr:floor" v="G"/>
  <tag k="amenity" v="research_institute"/>
  <tag k="check_date" v="2026-08-14"/>
  <tag k="level" v="0"/>
  <tag k="name" v="Automative Research Center"/>
 </node>
 <node id="14101476611" visible="true" version="1" changeset="187602489" timestamp="2026-08-17T18:09:34Z" user="Chandra Sekhar Csk Kilari" uid="14769664" lat="12.9663070" lon="79.1631062"/>
 <node id="14119543254" visible="true" version="1" changeset="187941079" timestamp="2026-08-24T14:08:00Z" user="uknown-gryphus" uid="2425805" lat="12.9663523" lon="79.1632363"/>
 <node id="14124978213" visible="true" version="1" changeset="188039747" timestamp="2026-08-26T12:18:31Z" user="TheLNL" uid="21256080" lat="12.9691105" lon="79.1569698"/>
 <node id="14124978214" visible="true" version="1" changeset="188039747" timestamp="2026-08-26T12:18:31Z" user="TheLNL" uid="21256080" lat="12.9690410" lon="79.1569701"/>
 <node id="14124978215" visible="true" version="1" changeset="188039747" timestamp="2026-08-26T12:18:31Z" user="TheLNL" uid="21256080" lat="12.9689970" lon="79.1569253"/>
 <node id="14124978216" visible="true" version="1" changeset="188039747" timestamp="2026-08-26T12:18:31Z" user="TheLNL" uid="21256080" lat="12.9689967" lon="79.1568552"/>
 <node id="14124978217" visible="true" version="1" changeset="188039747" timestamp="2026-08-26T12:18:31Z" user="TheLNL" uid="21256080" lat="12.9690369" lon="79.1568136"/>
 <node id="14124978218" visible="true" version="1" changeset="188039747" timestamp="2026-08-26T12:18:31Z" user="TheLNL" uid="21256080" lat="12.9691099" lon="79.1568133"/>
 <node id="14148952110" visible="true" version="1" changeset="188530974" timestamp="2026-09-04T15:20:07Z" user="TheLNL" uid="21256080" lat="12.9706007" lon="79.1544865"/>
 <node id="14148952111" visible="true" version="1" changeset="188530974" timestamp="2026-09-04T15:20:07Z" user="TheLNL" uid="21256080" lat="12.9706424" lon="79.1544865"/>
 <node id="14148952112" visible="true" version="1" changeset="188530974" timestamp="2026-09-04T15:20:07Z" user="TheLNL" uid="21256080" lat="12.9706424" lon="79.1542277"/>
 <node id="14148952113" visible="true" version="1" changeset="188530974" timestamp="2026-09-04T15:20:07Z" user="TheLNL" uid="21256080" lat="12.9704575" lon="79.1542406"/>
 <node id="14148952114" visible="true" version="1" changeset="188530974" timestamp="2026-09-04T15:20:07Z" user="TheLNL" uid="21256080" lat="12.9705176" lon="79.1548066"/>
 <node id="14148952115" visible="true" version="1" changeset="188530974" timestamp="2026-09-04T15:20:07Z" user="TheLNL" uid="21256080" lat="12.9706333" lon="79.1547936"/>
 <node id="14148952116" visible="true" version="1" changeset="188530974" timestamp="2026-09-04T15:20:07Z" user="TheLNL" uid="21256080" lat="12.9705732" lon="79.1542277"/>
 <node id="14148952117" visible="true" version="1" changeset="188530974" timestamp="2026-09-04T15:20:07Z" user="TheLNL" uid="21256080" lat="12.9695983" lon="79.1558527"/>
 <node id="14148952118" visible="true" version="1" changeset="188530974" timestamp="2026-09-04T15:20:07Z" user="TheLNL" uid="21256080" lat="12.9695753" lon="79.1558710"/>
 <node id="14148952119" visible="true" version="1" changeset="188530974" timestamp="2026-09-04T15:20:07Z" user="TheLNL" uid="21256080" lat="12.9695575" lon="79.1558946"/>
 <node id="14148952120" visible="true" version="1" changeset="188530974" timestamp="2026-09-04T15:20:07Z" user="TheLNL" uid="21256080" lat="12.9695462" lon="79.1559221"/>
 <node id="14148952121" visible="true" version="1" changeset="188530974" timestamp="2026-09-04T15:20:07Z" user="TheLNL" uid="21256080" lat="12.9695451" lon="79.1559805"/>
 <node id="14148952122" visible="true" version="1" changeset="188530974" timestamp="2026-09-04T15:20:07Z" user="TheLNL" uid="21256080" lat="12.9695550" lon="79.1560077"/>
 <node id="14148952123" visible="true" version="1" changeset="188530974" timestamp="2026-09-04T15:20:07Z" user="TheLNL" uid="21256080" lat="12.9695712" lon="79.1560316"/>
 <node id="14148952124" visible="true" version="1" changeset="188530974" timestamp="2026-09-04T15:20:07Z" user="TheLNL" uid="21256080" lat="12.9695925" lon="79.1560506"/>
 <node id="14148952125" visible="true" version="1" changeset="188530974" timestamp="2026-09-04T15:20:07Z" user="TheLNL" uid="21256080" lat="12.9695420" lon="79.1559517"/>
 <node id="14148952126" visible="true" version="1" changeset="188530974" timestamp="2026-09-04T15:20:07Z" user="TheLNL" uid="21256080" lat="12.9696250" lon="79.1558410"/>
 <node id="14148952127" visible="true" version="1" changeset="188530974" timestamp="2026-09-04T15:20:07Z" user="TheLNL" uid="21256080" lat="12.9696178" lon="79.1560636"/>
 <node id="14148952128" visible="true" version="1" changeset="188530974" timestamp="2026-09-04T15:20:07Z" user="TheLNL" uid="21256080" lat="12.9696025" lon="79.1564711"/>
 <node id="14148952129" visible="true" version="1" changeset="188530974" timestamp="2026-09-04T15:20:07Z" user="TheLNL" uid="21256080" lat="12.9695708" lon="79.1565082"/>
 <node id="14148952130" visible="true" version="1" changeset="188530974" timestamp="2026-09-04T15:20:07Z" user="TheLNL" uid="21256080" lat="12.9688575" lon="79.1564925"/>
 <node id="14148952131" visible="true" version="1" changeset="188530974" timestamp="2026-09-04T15:20:07Z" user="TheLNL" uid="21256080" lat="12.9688585" lon="79.1561146"/>
 <node id="14148952132" visible="true" version="1" changeset="188530974" timestamp="2026-09-04T15:20:07Z" user="TheLNL" uid="21256080" lat="12.9689252" lon="79.1560046"/>
 <node id="14148952133" visible="true" version="1" changeset="188530974" timestamp="2026-09-04T15:20:07Z" user="TheLNL" uid="21256080" lat="12.9689291" lon="79.1558290"/>
 <node id="14148952134" visible="true" version="1" changeset="188530974" timestamp="2026-09-04T15:20:07Z" user="TheLNL" uid="21256080" lat="12.9688677" lon="79.1557404"/>
 <node id="14148952135" visible="true" version="1" changeset="188530974" timestamp="2026-09-04T15:20:07Z" user="TheLNL" uid="21256080" lat="12.9688781" lon="79.1553971"/>
 <node id="14148952136" visible="true" version="1" changeset="188530974" timestamp="2026-09-04T15:20:07Z" user="TheLNL" uid="21256080" lat="12.9696204" lon="79.1554011"/>
 <node id="14148952137" visible="true" version="1" changeset="188530974" timestamp="2026-09-04T15:20:07Z" user="TheLNL" uid="21256080" lat="12.9683424" lon="79.1557689"/>
 <node id="14148952138" visible="true" version="1" changeset="188530974" timestamp="2026-09-04T15:20:07Z" user="TheLNL" uid="21256080" lat="12.9682709" lon="79.1556761"/>
 <node id="14148952139" visible="true" version="1" changeset="188530974" timestamp="2026-09-04T15:20:07Z" user="TheLNL" uid="21256080" lat="12.9683072" lon="79.1556841"/>
 <node id="14148952140" visible="true" version="1" changeset="188530974" timestamp="2026-09-04T15:20:07Z" user="TheLNL" uid="21256080" lat="12.9683280" lon="79.1556993"/>
 <node id="14148952141" visible="true" version="1" changeset="188530974" timestamp="2026-09-04T15:20:07Z" user="TheLNL" uid="21256080" lat="12.9683353" lon="79.1557108"/>
 <node id="14148952142" visible="true" version="1" changeset="188530974" timestamp="2026-09-04T15:20:07Z" user="TheLNL" uid="21256080" lat="12.9682953" lon="79.1556808"/>
 <node id="14148952143" visible="true" version="1" changeset="188530974" timestamp="2026-09-04T15:20:07Z" user="TheLNL" uid="21256080" lat="12.9683181" lon="79.1556901"/>
 <node id="14148952144" visible="true" version="1" changeset="188530974" timestamp="2026-09-04T15:20:07Z" user="TheLNL" uid="21256080" lat="12.9683397" lon="79.1557237"/>
 <node id="14148952145" visible="true" version="1" changeset="188530974" timestamp="2026-09-04T15:20:07Z" user="TheLNL" uid="21256080" lat="12.9682665" lon="79.1555902"/>
 <node id="14148952146" visible="true" version="1" changeset="188530974" timestamp="2026-09-04T15:20:07Z" user="TheLNL" uid="21256080" lat="12.9682901" lon="79.1555869"/>
 <node id="14148952147" visible="true" version="1" changeset="188530974" timestamp="2026-09-04T15:20:07Z" user="TheLNL" uid="21256080" lat="12.9683302" lon="79.1555918"/>
 <node id="14148952148" visible="true" version="1" changeset="188530974" timestamp="2026-09-04T15:20:07Z" user="TheLNL" uid="21256080" lat="12.9683678" lon="79.1556068"/>
 <node id="14148952149" visible="true" version="1" changeset="188530974" timestamp="2026-09-04T15:20:07Z" user="TheLNL" uid="21256080" lat="12.9684214" lon="79.1556557"/>
 <node id="14148952150" visible="true" version="1" changeset="188530974" timestamp="2026-09-04T15:20:07Z" user="TheLNL" uid="21256080" lat="12.9684462" lon="79.1557118"/>
 <node id="14148952151" visible="true" version="1" changeset="188530974" timestamp="2026-09-04T15:20:07Z" user="TheLNL" uid="21256080" lat="12.9684504" lon="79.1557407"/>
 <node id="14148952152" visible="true" version="1" changeset="188530974" timestamp="2026-09-04T15:20:07Z" user="TheLNL" uid="21256080" lat="12.9684005" lon="79.1556311"/>
 <node id="14148952153" visible="true" version="1" changeset="188530974" timestamp="2026-09-04T15:20:07Z" user="TheLNL" uid="21256080" lat="12.9684371" lon="79.1556841"/>
 <node id="14148952154" visible="true" version="1" changeset="188530974" timestamp="2026-09-04T15:20:07Z" user="TheLNL" uid="21256080" lat="12.9684495" lon="79.1557699"/>
 <node id="14163440543" visible="true" version="1" changeset="188738007" timestamp="2026-09-08T18:33:29Z" user="TheLNL" uid="21256080" lat="12.9675084" lon="79.1560401"/>
 <node id="14163440544" visible="true" version="1" changeset="188738007" timestamp="2026-09-08T18:33:29Z" user="TheLNL" uid="21256080" lat="12.9674826" lon="79.1561487"/>
 <node id="14163440545" visible="true" version="1" changeset="188738007" timestamp="2026-09-08T18:33:29Z" user="TheLNL" uid="21256080" lat="12.9675528" lon="79.1560512"/>
 <node id="14163440546" visible="true" version="1" changeset="188738007" timestamp="2026-09-08T18:33:29Z" user="TheLNL" uid="21256080" lat="12.9675270" lon="79.1561597"/>
 <node id="14163440547" visible="true" version="1" changeset="188738007" timestamp="2026-09-08T18:33:29Z" user="TheLNL" uid="21256080" lat="12.9675198" lon="79.1561905"/>
 <node id="14163440548" visible="true" version="1" changeset="188738007" timestamp="2026-09-08T18:33:29Z" user="TheLNL" uid="21256080" lat="12.9675798" lon="79.1562055"/>
 <node id="14163440549" visible="true" version="1" changeset="188738007" timestamp="2026-09-08T18:33:29Z" user="TheLNL" uid="21256080" lat="12.9675706" lon="79.1562442"/>
 <node id="14163440550" visible="true" version="1" changeset="188738007" timestamp="2026-09-08T18:33:29Z" user="TheLNL" uid="21256080" lat="12.9676167" lon="79.1562557"/>
 <node id="14163440551" visible="true" version="1" changeset="188738007" timestamp="2026-09-08T18:33:29Z" user="TheLNL" uid="21256080" lat="12.9675615" lon="79.1560142"/>
 <node id="14163440552" visible="true" version="1" changeset="188738007" timestamp="2026-09-08T18:33:29Z" user="TheLNL" uid="21256080" lat="12.9676101" lon="79.1562834"/>
 <node id="14163440553" visible="true" version="1" changeset="188738007" timestamp="2026-09-08T18:33:29Z" user="TheLNL" uid="21256080" lat="12.9677104" lon="79.1563084"/>
 <node id="14163440554" visible="true" version="1" changeset="188738007" timestamp="2026-09-08T18:33:29Z" user="TheLNL" uid="21256080" lat="12.9677679" lon="79.1560657"/>
 <node id="14163440591" visible="true" version="1" changeset="188738007" timestamp="2026-09-08T18:33:29Z" user="TheLNL" uid="21256080" lat="12.9674644" lon="79.1558691"/>
 <node id="14163440592" visible="true" version="1" changeset="188738007" timestamp="2026-09-08T18:33:29Z" user="TheLNL" uid="21256080" lat="12.9674971" lon="79.1557350"/>
 <node id="14163440593" visible="true" version="1" changeset="188738007" timestamp="2026-09-08T18:33:29Z" user="TheLNL" uid="21256080" lat="12.9675836" lon="79.1557572"/>
 <node id="14163440594" visible="true" version="1" changeset="188738007" timestamp="2026-09-08T18:33:29Z" user="TheLNL" uid="21256080" lat="12.9675510" lon="79.1558913"/>
 <node id="14163440595" visible="true" version="1" changeset="188738007" timestamp="2026-09-08T18:33:29Z" user="TheLNL" uid="21256080" lat="12.9677368" lon="79.1558312"/>
 <node id="14163440596" visible="true" version="1" changeset="188738007" timestamp="2026-09-08T18:33:29Z" user="TheLNL" uid="21256080" lat="12.9677204" lon="79.1559533"/>
 <node id="14163440597" visible="true" version="1" changeset="188738007" timestamp="2026-09-08T18:33:29Z" user="TheLNL" uid="21256080" lat="12.9676425" lon="79.1559423"/>
 <node id="14163440598" visible="true" version="1" changeset="188738007" timestamp="2026-09-08T18:33:29Z" user="TheLNL" uid="21256080" lat="12.9676588" lon="79.1558202"/>
 <node id="14163440599" visible="true" version="1" changeset="188738007" timestamp="2026-09-08T18:33:29Z" user="TheLNL" uid="21256080" lat="12.9677446" lon="79.1558761"/>
 <node id="14163440600" visible="true" version="1" changeset="188738007" timestamp="2026-09-08T18:33:29Z" user="TheLNL" uid="21256080" lat="12.9677269" lon="79.1559720"/>
 <node id="14163456701" visible="true" version="1" changeset="188738007" timestamp="2026-09-08T18:33:29Z" user="TheLNL" uid="21256080" lat="12.9678124" lon="79.1559885"/>
 <node id="14163456702" visible="true" version="1" changeset="188738007" timestamp="2026-09-08T18:33:29Z" user="TheLNL" uid="21256080" lat="12.9678300" lon="79.1558927"/>
 <node id="14163456703" visible="true" version="1" changeset="188738007" timestamp="2026-09-08T18:33:29Z" user="TheLNL" uid="21256080" lat="12.9676792" lon="79.1557943"/>
 <node id="14163456704" visible="true" version="1" changeset="188738007" timestamp="2026-09-08T18:33:29Z" user="TheLNL" uid="21256080" lat="12.9678314" lon="79.1558654"/>
 <node id="14163456705" visible="true" version="1" changeset="188738007" timestamp="2026-09-08T18:33:29Z" user="TheLNL" uid="21256080" lat="12.9678568" lon="79.1558082"/>
 <node id="14163456706" visible="true" version="1" changeset="188738007" timestamp="2026-09-08T18:33:29Z" user="TheLNL" uid="21256080" lat="12.9677045" lon="79.1557371"/>
 <node id="14163456707" visible="true" version="1" changeset="188738007" timestamp="2026-09-08T18:33:29Z" user="TheLNL" uid="21256080" lat="12.9678518" lon="79.1558483"/>
 <node id="14163456708" visible="true" version="1" changeset="188738007" timestamp="2026-09-08T18:33:29Z" user="TheLNL" uid="21256080" lat="12.9678231" lon="79.1559857"/>
 <node id="14163456709" visible="true" version="1" changeset="188738007" timestamp="2026-09-08T18:33:29Z" user="TheLNL" uid="21256080" lat="12.9679051" lon="79.1560254"/>
 <node id="14163456710" visible="true" version="1" changeset="188738007" timestamp="2026-09-08T18:33:29Z" user="TheLNL" uid="21256080" lat="12.9679339" lon="79.1558927"/>
 <node id="14163456711" visible="true" version="1" changeset="188738007" timestamp="2026-09-08T18:33:29Z" user="TheLNL" uid="21256080" lat="12.9679483" lon="79.1558811"/>
 <node id="14163456712" visible="true" version="1" changeset="188738007" timestamp="2026-09-08T18:33:29Z" user="TheLNL" uid="21256080" lat="12.9678594" lon="79.1558395"/>
 <node id="14163456713" visible="true" version="1" changeset="188738007" timestamp="2026-09-08T18:33:29Z" user="TheLNL" uid="21256080" lat="12.9678790" lon="79.1557954"/>
 <node id="14163456714" visible="true" version="1" changeset="188738007" timestamp="2026-09-08T18:33:29Z" user="TheLNL" uid="21256080" lat="12.9679679" lon="79.1558370"/>
 <node id="14165652592" visible="true" version="1" changeset="188758197" timestamp="2026-09-09T07:40:26Z" user="TheLNL" uid="21256080" lat="12.9696009" lon="79.1580814">
  <tag k="artwork_type" v="statue"/>
  <tag k="description" v="Statue of tank"/>
  <tag k="tourism" v="artwork"/>
 </node>
 <node id="14165878668" visible="true" version="1" changeset="188759384" timestamp="2026-09-09T08:10:27Z" user="Yojasree" uid="24533691" lat="12.9678623" lon="79.1591697"/>
 <node id="14165878669" visible="true" version="1" changeset="188759384" timestamp="2026-09-09T08:10:27Z" user="Yojasree" uid="24533691" lat="12.9679849" lon="79.1591590"/>
 <node id="14165878670" visible="true" version="1" changeset="188759384" timestamp="2026-09-09T08:10:27Z" user="Yojasree" uid="24533691" lat="12.9680110" lon="79.1589930"/>
 <node id="14165878671" visible="true" version="1" changeset="188759384" timestamp="2026-09-09T08:10:27Z" user="Yojasree" uid="24533691" lat="12.9683346" lon="79.1594027"/>
 <node id="14165878672" visible="true" version="1" changeset="188759384" timestamp="2026-09-09T08:10:27Z" user="Yojasree" uid="24533691" lat="12.9681441" lon="79.1594053"/>
 <node id="14165878673" visible="true" version="1" changeset="188759384" timestamp="2026-09-09T08:10:27Z" user="Yojasree" uid="24533691" lat="12.9681076" lon="79.1595178"/>
 <node id="14165878674" visible="true" version="1" changeset="188759384" timestamp="2026-09-09T08:10:27Z" user="Yojasree" uid="24533691" lat="12.9683998" lon="79.1594990"/>
 <node id="14165878675" visible="true" version="1" changeset="188759384" timestamp="2026-09-09T08:10:27Z" user="Yojasree" uid="24533691" lat="12.9685617" lon="79.1594558"/>
 <node id="14165878676" visible="true" version="1" changeset="188759384" timestamp="2026-09-09T08:10:27Z" user="Yojasree" uid="24533691" lat="12.9677647" lon="79.1595216"/>
 <node id="14165878677" visible="true" version="1" changeset="188759384" timestamp="2026-09-09T08:10:27Z" user="Yojasree" uid="24533691" lat="12.9681335" lon="79.1591946">
  <tag k="building:levels" v="17"/>
  <tag k="name" v="J Block"/>
 </node>
 <node id="14165907135" visible="true" version="1" changeset="188759444" timestamp="2026-09-09T08:12:18Z" user="Yojasree" uid="24533691" lat="12.9680005" lon="79.1594026"/>
 <way id="89186541" visible="true" version="3" changeset="184197941" timestamp="2026-06-16T19:45:33Z" user="TheLNL" uid="21256080">
  <nd ref="1034973038"/>
  <nd ref="1034973039"/>
  <nd ref="1034973051"/>
  <nd ref="1034973055"/>
  <nd ref="1034973048"/>
  <nd ref="13946184878"/>
  <nd ref="13946184877"/>
  <tag k="highway" v="residential"/>
  <tag k="surface" v="asphalt"/>
 </way>
 <way id="89186543" visible="true" version="11" changeset="187625830" timestamp="2026-08-18T08:25:53Z" user="TheLNL" uid="21256080">
  <nd ref="1035469399"/>
  <nd ref="14093702448"/>
  <nd ref="1035519614"/>
  <nd ref="14093702430"/>
  <nd ref="14093657497"/>
  <nd ref="14093702427"/>
  <nd ref="1035519605"/>
  <nd ref="1034973040"/>
  <nd ref="1079608967"/>
  <nd ref="1034973038"/>
  <nd ref="1034973056"/>
  <nd ref="1034973049"/>
  <tag k="highway" v="service"/>
  <tag k="name" v="King Road"/>
  <tag k="surface" v="asphalt"/>
 </way>
 <way id="89215252" visible="true" version="6" changeset="187420742" timestamp="2026-08-14T04:13:11Z" user="TheLNL" uid="21256080">
  <nd ref="1035469397"/>
  <nd ref="10219868322"/>
  <nd ref="1035470407"/>
  <nd ref="1035469398"/>
  <tag k="highway" v="service"/>
  <tag k="service" v="parking_aisle"/>
  <tag k="surface" v="asphalt"/>
 </way>
 <way id="89215635" visible="true" version="6" changeset="187186729" timestamp="2026-08-09T15:42:35Z" user="TheLNL" uid="21256080">
  <nd ref="1035481774"/>
  <nd ref="14082441234"/>
  <nd ref="14082441232"/>
  <nd ref="14082441239"/>
  <nd ref="14082441237"/>
  <nd ref="1035481769"/>
  <nd ref="1035481797"/>
  <nd ref="1035481776"/>
  <nd ref="1035481767"/>
  <nd ref="14082441236"/>
  <nd ref="1035481789"/>
  <nd ref="1035481787"/>
  <nd ref="14082441238"/>
  <nd ref="14082441231"/>
  <nd ref="14082441233"/>
  <nd ref="1035481783"/>
  <nd ref="1035481771"/>
  <nd ref="1035481782"/>
  <nd ref="1035481775"/>
  <nd ref="1035481777"/>
  <nd ref="1035481772"/>
  <nd ref="1035481791"/>
  <nd ref="1035481774"/>
  <tag k="highway" v="service"/>
  <tag k="junction" v="roundabout"/>
  <tag k="name" v="Fleming Road"/>
  <tag k="surface" v="asphalt"/>
 </way>
 <way id="89216972" visible="true" version="7" changeset="187278710" timestamp="2026-08-11T11:03:33Z" user="TheLNL" uid="21256080">
  <nd ref="1035572232"/>
  <nd ref="1035572231"/>
  <nd ref="1035572227"/>
  <nd ref="1035572228"/>
  <nd ref="1035469401"/>
  <nd ref="14082441235"/>
  <nd ref="1035513574"/>
  <nd ref="1035572248"/>
  <nd ref="1035469399"/>
  <nd ref="10219868321"/>
  <nd ref="10219868335"/>
  <tag k="highway" v="service"/>
  <tag k="name" v="Chandra Avenue"/>
  <tag k="surface" v="asphalt"/>
 </way>
 <way id="89217629" visible="true" version="6" changeset="187186729" timestamp="2026-08-09T15:42:35Z" user="TheLNL" uid="21256080">
  <nd ref="1035513586"/>
  <nd ref="1079608968"/>
  <nd ref="1035564803"/>
  <nd ref="1035520071"/>
  <nd ref="1035519612"/>
  <nd ref="1035513587"/>
  <nd ref="14082441231"/>
  <tag k="highway" v="service"/>
  <tag k="name" v="Fleming Road"/>
  <tag k="surface" v="asphalt"/>
 </way>
 <way id="89217733" visible="true" version="5" changeset="187420742" timestamp="2026-08-14T04:13:11Z" user="TheLNL" uid="21256080">
  <nd ref="1079608967"/>
  <nd ref="13318878747"/>
  <nd ref="14093702488"/>
  <nd ref="13318878760"/>
  <nd ref="1079608968"/>
  <tag k="highway" v="service"/>
  <tag k="name" v="Khorana Avenue"/>
 </way>
 <way id="89221435" visible="true" version="8" changeset="184548450" timestamp="2026-06-24T21:47:19Z" user="TheLNL" uid="21256080">
  <nd ref="11986853366"/>
  <nd ref="10219868336"/>
  <nd ref="1035570280"/>
  <nd ref="1035570228"/>
  <nd ref="1035570233"/>
  <nd ref="1035570258"/>
  <nd ref="1035570255"/>
  <nd ref="1035570248"/>
  <nd ref="13963300456"/>
  <nd ref="1035570238"/>
  <nd ref="1035570264"/>
  <nd ref="13963300435"/>
  <nd ref="1035570245"/>
  <nd ref="1035570259"/>
  <nd ref="1035570237"/>
  <nd ref="1035570261"/>
  <nd ref="1035583343"/>
  <nd ref="3243006706"/>
  <tag k="highway" v="residential"/>
  <tag k="surface" v="asphalt"/>
 </way>
 <way id="89221514" visible="true" version="5" changeset="187278710" timestamp="2026-08-11T11:03:33Z" user="TheLNL" uid="21256080">
  <nd ref="1035583343"/>
  <nd ref="1035572230"/>
  <nd ref="1035572250"/>
  <nd ref="1035572229"/>
  <nd ref="1035572226"/>
  <nd ref="1035572232"/>
  <tag k="highway" v="unclassified"/>
  <tag k="surface" v="asphalt"/>
 </way>
 <way id="89221515" visible="true" version="4" changeset="187588103" timestamp="2026-08-17T13:26:48Z" user="TheLNL" uid="21256080">
  <nd ref="1035572252"/>
  <nd ref="3744530427"/>
  <nd ref="1035572248"/>
  <tag k="highway" v="service"/>
  <tag k="surface" v="asphalt"/>
 </way>
 <way id="89221998" visible="true" version="9" changeset="183416069" timestamp="2026-05-30T19:50:35Z" user="TheLNL" uid="21256080">
  <nd ref="13895241316"/>
  <nd ref="1035577562"/>
  <nd ref="1035577576"/>
  <nd ref="1035577565"/>
  <nd ref="1035577558"/>
  <nd ref="1035577573"/>
  <nd ref="1035577563"/>
  <nd ref="9748691663"/>
  <nd ref="1035577564"/>
  <nd ref="10008889168"/>
  <nd ref="1035577566"/>
  <nd ref="10008889170"/>
  <nd ref="1035577560"/>
  <nd ref="1035577572"/>
  <nd ref="1035577574"/>
  <nd ref="1035577561"/>
  <nd ref="1035577568"/>
  <nd ref="1035576174"/>
  <nd ref="1035576200"/>
  <nd ref="1035576163"/>
  <nd ref="1035576266"/>
  <nd ref="1035576244"/>
  <nd ref="1035576158"/>
  <nd ref="1035576268"/>
  <nd ref="1035576190"/>
  <nd ref="1035576177"/>
  <nd ref="1035576152"/>
  <nd ref="1035576223"/>
  <nd ref="12850006662"/>
  <nd ref="1035576194"/>
  <nd ref="1035576146"/>
  <nd ref="1035576181"/>
  <nd ref="1035576237"/>
  <nd ref="1035576232"/>
  <nd ref="1035576226"/>
  <nd ref="1035576205"/>
  <nd ref="13895225357"/>
  <nd ref="1035576269"/>
  <nd ref="13895225383"/>
  <nd ref="1035576265"/>
  <nd ref="13895225386"/>
  <nd ref="1035576261"/>
  <nd ref="1035576267"/>
  <nd ref="1035576229"/>
  <nd ref="1035576230"/>
  <nd ref="13895225387"/>
  <nd ref="1035576240"/>
  <nd ref="13895225390"/>
  <nd ref="1035576228"/>
  <nd ref="1035576197"/>
  <nd ref="1035576188"/>
  <nd ref="1041161741"/>
  <tag k="highway" v="tertiary"/>
  <tag k="name" v="Kangeyanallur Road"/>
  <tag k="ref" v="O2486"/>
 </way>
 <way id="93124879" visible="true" version="1" changeset="6843286" timestamp="2011-01-02T21:01:09Z" user="adivik2000" uid="250196">
  <nd ref="1079523486"/>
  <nd ref="1079523493"/>
  <nd ref="1079523490"/>
  <nd ref="1079523489"/>
  <nd ref="1079523486"/>
  <tag k="leisure" v="pitch"/>
  <tag k="name" v="TT Basketball Court"/>
  <tag k="sport" v="basketball"/>
 </way>
 <way id="93126631" visible="true" version="1" changeset="6843286" timestamp="2011-01-02T21:09:55Z" user="adivik2000" uid="250196">
  <nd ref="1079549326"/>
  <nd ref="1079549325"/>
  <nd ref="1079549328"/>
  <nd ref="1079549319"/>
  <nd ref="1079549326"/>
  <tag k="leisure" v="pitch"/>
  <tag k="name" v="Anna Audi Tennis Court"/>
  <tag k="sport" v="tennis"/>
 </way>
 <way id="93126717" visible="true" version="4" changeset="135933732" timestamp="2023-05-10T12:06:45Z" user="Lone_Muskedeer" uid="19219526">
  <nd ref="1079553876"/>
  <nd ref="1079553874"/>
  <nd ref="1079553881"/>
  <nd ref="1079553871"/>
  <nd ref="1079553876"/>
  <tag k="leisure" v="pitch"/>
  <tag k="lit" v="yes"/>
  <tag k="name" v="Anna Audi Basketball Court 2"/>
  <tag k="sport" v="basketball"/>
  <tag k="surface" v="concrete"/>
 </way>
 <way id="93127261" visible="true" version="3" changeset="172337357" timestamp="2025-09-23T10:54:03Z" user="PalMaper" uid="13262539">
  <nd ref="1079564194"/>
  <nd ref="1079564217"/>
  <nd ref="1079564181"/>
  <nd ref="1079564176"/>
  <nd ref="1079564194"/>
  <tag k="leisure" v="pitch"/>
  <tag k="lit" v="yes"/>
  <tag k="name" v="Anna Audi Volleyball Court"/>
  <tag k="sport" v="volleyball"/>
  <tag k="surface" v="concrete"/>
 </way>
 <way id="93127404" visible="true" version="3" changeset="129405933" timestamp="2022-11-26T15:12:27Z" user="uknown-gryphus" uid="2425805">
  <nd ref="1079568465"/>
  <nd ref="1079568428"/>
  <nd ref="1079568468"/>
  <nd ref="1079568470"/>
  <nd ref="1079568465"/>
  <tag k="building" v="college"/>
  <tag k="name" v="VIT Univ Estates Office &amp; CTS"/>
 </way>
 <way id="93127677" visible="true" version="3" changeset="135933707" timestamp="2023-05-10T12:06:07Z" user="Lone_Muskedeer" uid="19219526">
  <nd ref="1079579542"/>
  <nd ref="1079579543"/>
  <nd ref="1079579546"/>
  <nd ref="1079579548"/>
  <nd ref="1079579542"/>
  <tag k="leisure" v="pitch"/>
  <tag k="name" v="Anna Audi Basketball Court 1"/>
  <tag k="sport" v="basketball"/>
  <tag k="surface" v="concrete"/>
 </way>
 <way id="93128462" visible="true" version="5" changeset="129405933" timestamp="2022-11-26T15:12:27Z" user="uknown-gryphus" uid="2425805">
  <nd ref="1079594816"/>
  <nd ref="1079594830"/>
  <nd ref="1079594820"/>
  <nd ref="1079594848"/>
  <nd ref="1079594822"/>
  <nd ref="1079594829"/>
  <nd ref="1079594851"/>
  <nd ref="1079594834"/>
  <nd ref="1079594803"/>
  <nd ref="1079594813"/>
  <nd ref="1079594854"/>
  <nd ref="1079594853"/>
  <nd ref="1079594816"/>
 </way>
 <way id="93174970" visible="true" version="6" changeset="183765380" timestamp="2026-06-07T06:41:35Z" user="TheLNL" uid="21256080">
  <nd ref="1080142883"/>
  <nd ref="1080142881"/>
  <nd ref="1080142879"/>
  <nd ref="13916667489"/>
  <nd ref="13916667487"/>
  <nd ref="13916667486"/>
  <nd ref="13916667488"/>
  <nd ref="1080142884"/>
  <nd ref="1080142882"/>
  <nd ref="1080142880"/>
  <nd ref="1080142883"/>
 </way>
 <way id="93175045" visible="true" version="7" changeset="187186729" timestamp="2026-08-09T15:42:35Z" user="TheLNL" uid="21256080">
  <nd ref="14082441229"/>
  <nd ref="1080143636"/>
  <nd ref="1080143641"/>
  <nd ref="14082441230"/>
  <nd ref="14082441229"/>
  <tag k="building" v="yes"/>
  <tag k="name" v="CS Hall"/>
 </way>
 <way id="93175156" visible="true" version="9" changeset="186814729" timestamp="2026-08-02T14:46:59Z" user="TheLNL" uid="21256080">
  <nd ref="1080144873"/>
  <nd ref="1080144885"/>
  <nd ref="1080144871"/>
  <nd ref="1080144883"/>
  <nd ref="1080144855"/>
  <nd ref="1080144880"/>
  <nd ref="1080144853"/>
  <nd ref="1080144851"/>
  <nd ref="1080144863"/>
  <nd ref="1080144865"/>
  <nd ref="1080144876"/>
  <nd ref="1080144859"/>
  <nd ref="1080144849"/>
  <nd ref="1080144877"/>
  <nd ref="1080144869"/>
  <nd ref="1080144850"/>
  <nd ref="1080144867"/>
  <nd ref="1080144860"/>
  <nd ref="1080144854"/>
  <nd ref="1080144857"/>
  <nd ref="1080144873"/>
  <tag k="amenity" v="library"/>
  <tag k="building" v="yes"/>
  <tag k="building:levels" v="3"/>
  <tag k="check_date" v="2026-08-02"/>
  <tag k="name" v="EV Periyar Library"/>
  <tag k="name:etymology:wikidata" v="Q737280"/>
  <tag k="opening_hours" v="Mo-Fr 07:30-24:30; Sa-Su,PH 09:00-20:00"/>
 </way>
 <way id="93175157" visible="true" version="2" changeset="129405933" timestamp="2022-11-26T15:12:27Z" user="uknown-gryphus" uid="2425805">
  <nd ref="1080144866"/>
  <nd ref="1080144874"/>
  <nd ref="1080144888"/>
  <nd ref="1080144881"/>
  <nd ref="1080144866"/>
  <tag k="building" v="college"/>
 </way>
 <way id="93175158" visible="true" version="2" changeset="135933348" timestamp="2023-05-10T12:32:46Z" user="Lone_Muskedeer" uid="19219526">
  <nd ref="1080144868"/>
  <nd ref="1080144852"/>
  <nd ref="1080144856"/>
  <nd ref="1080144872"/>
  <nd ref="1080144858"/>
  <nd ref="1080144875"/>
  <nd ref="1080144868"/>
  <tag k="building" v="university"/>
 </way>
 <way id="93175159" visible="true" version="5" changeset="186172756" timestamp="2026-07-22T11:38:30Z" user="Palary" uid="20415443">
  <nd ref="13947267568"/>
  <nd ref="13947267567"/>
  <nd ref="13947267566"/>
  <nd ref="3787088662"/>
  <nd ref="13947267573"/>
  <nd ref="13947267570"/>
  <nd ref="13947267572"/>
  <nd ref="13947267569"/>
  <nd ref="13947267571"/>
  <nd ref="13947267575"/>
  <nd ref="13947267574"/>
  <nd ref="1080144848"/>
  <nd ref="1080144870"/>
  <nd ref="13947267539"/>
  <nd ref="13947267537"/>
  <nd ref="13947267536"/>
  <nd ref="13947267538"/>
  <nd ref="13947267578"/>
  <nd ref="13947267576"/>
  <nd ref="1080144861"/>
  <nd ref="3787088659"/>
  <nd ref="13947267577"/>
  <nd ref="13947267546"/>
  <nd ref="3787088660"/>
  <nd ref="3787088661"/>
  <nd ref="13947267548"/>
  <nd ref="13947267547"/>
  <nd ref="3787088657"/>
  <nd ref="1080144864"/>
  <nd ref="13947267550"/>
  <nd ref="13947267549"/>
  <nd ref="13947267553"/>
  <nd ref="13947267552"/>
  <nd ref="13947267551"/>
  <nd ref="13947267540"/>
  <nd ref="13947267541"/>
  <nd ref="13947267555"/>
  <nd ref="13947267554"/>
  <nd ref="13947267558"/>
  <nd ref="13947267557"/>
  <nd ref="13947267556"/>
  <nd ref="13947267542"/>
  <nd ref="13947267543"/>
  <nd ref="13947267560"/>
  <nd ref="13947267559"/>
  <nd ref="13947267563"/>
  <nd ref="13947267562"/>
  <nd ref="13947267561"/>
  <nd ref="13947267544"/>
  <nd ref="13947267545"/>
  <nd ref="13947267565"/>
  <nd ref="13947267564"/>
  <nd ref="13947267568"/>
  <tag k="building" v="retail"/>
 </way>
 <way id="93175238" visible="true" version="4" changeset="129405933" timestamp="2022-11-26T15:12:27Z" user="uknown-gryphus" uid="2425805">
  <nd ref="1080145675"/>
  <nd ref="1080145677"/>
  <nd ref="1080145676"/>
  <nd ref="1080145672"/>
  <nd ref="1080145675"/>
  <tag k="amenity" v="shelter"/>
  <tag k="building" v="yes"/>
  <tag k="name" v="Foodys"/>
  <tag k="shelter_type" v="picnic_shelter"/>
 </way>
 <way id="149737160" visible="true" version="5" changeset="187420742" timestamp="2026-08-14T04:13:11Z" user="TheLNL" uid="21256080">
  <nd ref="14093702517"/>
  <nd ref="1626932629"/>
  <nd ref="14093702516"/>
  <nd ref="14093702515"/>
  <nd ref="14093702514"/>
  <nd ref="14093702513"/>
  <nd ref="1626932588"/>
  <nd ref="14093702512"/>
  <nd ref="14093702511"/>
  <nd ref="14093702510"/>
  <nd ref="1626932624"/>
  <nd ref="14093702509"/>
  <nd ref="14093702508"/>
  <nd ref="14093702507"/>
  <nd ref="14093702506"/>
  <nd ref="14093702505"/>
  <nd ref="1626932603"/>
  <nd ref="14093702504"/>
  <nd ref="14093702503"/>
  <nd ref="14093702518"/>
  <nd ref="14093702502"/>
  <nd ref="14093702501"/>
  <nd ref="6812371439"/>
  <nd ref="14093702500"/>
  <nd ref="14093702499"/>
  <nd ref="14093702498"/>
  <nd ref="14093702497"/>
  <nd ref="1626932592"/>
  <nd ref="14093702496"/>
  <nd ref="14093702495"/>
  <nd ref="14093702494"/>
  <nd ref="14093702493"/>
  <nd ref="14093702517"/>
  <tag k="boat" v="private"/>
  <tag k="name" v="VIT Lake"/>
  <tag k="natural" v="water"/>
  <tag k="water" v="lake"/>
 </way>
 <way id="149738019" visible="true" version="5" changeset="174897746" timestamp="2025-11-20T09:33:15Z" user="PalMaper" uid="13262539">
  <nd ref="13318888570"/>
  <nd ref="1626955138"/>
  <nd ref="1626955129"/>
  <nd ref="1626955135"/>
  <nd ref="2460222205"/>
  <nd ref="2460222206"/>
  <nd ref="1035572232"/>
  <tag k="bicycle" v="no"/>
  <tag k="foot" v="yes"/>
  <tag k="highway" v="footway"/>
  <tag k="motor_vehicle" v="no"/>
  <tag k="name" v="Souvenier Subway"/>
  <tag k="surface" v="paved"/>
 </way>
 <way id="198033931" visible="true" version="8" changeset="187420742" timestamp="2026-08-14T04:13:11Z" user="TheLNL" uid="21256080">
  <nd ref="14082441228"/>
  <nd ref="2082248272"/>
  <nd ref="14082441227"/>
  <nd ref="14082441225"/>
  <nd ref="2082248267"/>
  <nd ref="14082441224"/>
  <nd ref="14082441223"/>
  <nd ref="2082248270"/>
  <nd ref="14082441222"/>
  <nd ref="2082248269"/>
  <nd ref="5317971757"/>
  <nd ref="14082441221"/>
  <nd ref="5407920499"/>
  <nd ref="14082441220"/>
  <nd ref="14082441219"/>
  <nd ref="14082441218"/>
  <nd ref="14082441228"/>
  <tag k="description" v="Park"/>
  <tag k="landuse" v="grass"/>
  <tag k="leisure" v="park"/>
  <tag k="name" v="Greenos"/>
  <tag k="source" v="local knowledge;aerial imagery;streetlevel imagery"/>
 </way>
 <way id="205630941" visible="true" version="6" changeset="186211486" timestamp="2026-07-23T03:56:34Z" user="TheLNL" uid="21256080">
  <nd ref="1626952116"/>
  <nd ref="13318861531"/>
  <nd ref="1626952168"/>
  <nd ref="13318878761"/>
  <nd ref="14040730566"/>
  <tag k="highway" v="service"/>
  <tag k="incline" v="down"/>
  <tag k="name" v="Amrtya Sen Avenue"/>
 </way>
 <way id="274777088" visible="true" version="4" changeset="188759384" timestamp="2026-09-09T08:10:27Z" user="Yojasree" uid="24533691">
  <nd ref="2794450031"/>
  <nd ref="10946016479"/>
  <nd ref="2794450033"/>
  <nd ref="14165878675"/>
  <nd ref="10946016478"/>
  <tag k="highway" v="service"/>
  <tag k="surface" v="asphalt"/>
 </way>
 <way id="317963389" visible="true" version="4" changeset="187186729" timestamp="2026-08-09T15:42:35Z" user="TheLNL" uid="21256080">
  <nd ref="3243006707"/>
  <nd ref="1035564805"/>
  <nd ref="1626955135"/>
  <nd ref="1035564810"/>
  <nd ref="5487048336"/>
  <nd ref="1035564803"/>
  <tag k="highway" v="footway"/>
  <tag k="surface" v="paving_stones"/>
 </way>
 <way id="370764917" visible="true" version="4" changeset="184217568" timestamp="2026-06-17T09:33:53Z" user="TheLNL" uid="21256080">
  <nd ref="3744527936"/>
  <nd ref="13947267517"/>
  <nd ref="13947267518"/>
  <nd ref="13947267521"/>
  <nd ref="13947267519"/>
  <nd ref="13947267520"/>
  <nd ref="13947267522"/>
  <nd ref="13947267527"/>
  <nd ref="13947267523"/>
  <nd ref="13947267524"/>
  <nd ref="13947267528"/>
  <nd ref="13947267525"/>
  <nd ref="13947267526"/>
  <nd ref="3744527933"/>
  <nd ref="3744527934"/>
  <nd ref="3744527935"/>
  <nd ref="3744527936"/>
  <tag k="building" v="college"/>
  <tag k="name" v="CDMM Building"/>
  <tag k="nohousenumber" v="yes"/>
 </way>
 <way id="370765052" visible="true" version="5" changeset="187400441" timestamp="2026-08-13T16:15:56Z" user="TheLNL" uid="21256080">
  <nd ref="3744530426"/>
  <nd ref="3744530425"/>
  <nd ref="3744530428"/>
  <nd ref="5487048414"/>
  <nd ref="5487048413"/>
  <nd ref="13947302773"/>
  <nd ref="13947302774"/>
  <nd ref="13947302775"/>
  <nd ref="13947302776"/>
  <nd ref="5487048836"/>
  <nd ref="3744530426"/>
  <tag k="amenity" v="hospital"/>
  <tag k="building" v="yes"/>
  <tag k="check_date" v="2026-08-13"/>
  <tag k="healthcare" v="hospital"/>
  <tag k="name" v="Health Centre"/>
  <tag k="operator" v="Sri Narayani Hospital and Research Centre (SNHRC)"/>
  <tag k="operator:type" v="private"/>
 </way>
 <way id="370765897" visible="true" version="5" changeset="184197722" timestamp="2026-06-16T19:38:38Z" user="TheLNL" uid="21256080">
  <nd ref="3744539944"/>
  <nd ref="13946184875"/>
  <nd ref="13946184876"/>
  <nd ref="13946184874"/>
  <nd ref="13946184873"/>
  <nd ref="3744539945"/>
  <nd ref="13946181968"/>
  <nd ref="13946181967"/>
  <nd ref="13946181959"/>
  <nd ref="13946181958"/>
  <nd ref="13946184872"/>
  <nd ref="13946184870"/>
  <nd ref="13946184869"/>
  <nd ref="13946184871"/>
  <nd ref="3744539946"/>
  <nd ref="13946184868"/>
  <nd ref="13946184864"/>
  <nd ref="13946184863"/>
  <nd ref="13946184867"/>
  <nd ref="13946184861"/>
  <nd ref="13946184860"/>
  <nd ref="13946184858"/>
  <nd ref="13946184857"/>
  <nd ref="13946181952"/>
  <nd ref="13946181953"/>
  <nd ref="13946181951"/>
  <nd ref="13946181949"/>
  <nd ref="13946181948"/>
  <nd ref="13946181950"/>
  <nd ref="13946181945"/>
  <nd ref="13946181944"/>
  <nd ref="13946181956"/>
  <nd ref="13946181954"/>
  <nd ref="13946181946"/>
  <nd ref="13946181947"/>
  <nd ref="13946181955"/>
  <nd ref="13946181957"/>
  <nd ref="13946184859"/>
  <nd ref="13946184862"/>
  <nd ref="13946184866"/>
  <nd ref="13946184865"/>
  <nd ref="3744539947"/>
  <nd ref="3744539944"/>
 </way>
 <way id="370766286" visible="true" version="6" changeset="188759384" timestamp="2026-09-09T08:10:27Z" user="Yojasree" uid="24533691">
  <nd ref="13946181994"/>
  <nd ref="13946181986"/>
  <nd ref="13946181985"/>
  <nd ref="13946181987"/>
  <nd ref="13946181984"/>
  <nd ref="13946181983"/>
  <nd ref="13946181988"/>
  <nd ref="3744544546"/>
  <nd ref="13946181977"/>
  <nd ref="13946181978"/>
  <nd ref="13946181976"/>
  <nd ref="13946181981"/>
  <nd ref="13946181975"/>
  <nd ref="13946181960"/>
  <nd ref="13946181962"/>
  <nd ref="13946181959"/>
  <nd ref="13946181958"/>
  <nd ref="13946181961"/>
  <nd ref="13946184824"/>
  <nd ref="13946181963"/>
  <nd ref="13946181964"/>
  <nd ref="13946181965"/>
  <nd ref="13946181966"/>
  <nd ref="13946181979"/>
  <nd ref="13946181980"/>
  <nd ref="13946181982"/>
  <nd ref="13946181972"/>
  <nd ref="13946181970"/>
  <nd ref="13946181969"/>
  <nd ref="13946181971"/>
  <nd ref="3744544548"/>
  <nd ref="13946184822"/>
  <nd ref="13946181973"/>
  <nd ref="13946181974"/>
  <nd ref="13946184823"/>
  <nd ref="5487048825"/>
  <nd ref="13946184820"/>
  <nd ref="13946184819"/>
  <nd ref="13946184818"/>
  <nd ref="13946184817"/>
  <nd ref="13946184816"/>
  <nd ref="13946184815"/>
  <nd ref="13946184814"/>
  <nd ref="13946184813"/>
  <nd ref="13946184825"/>
  <nd ref="13946184812"/>
  <nd ref="13946184827"/>
  <nd ref="13946184826"/>
  <nd ref="13946184811"/>
  <nd ref="13946184810"/>
  <nd ref="13946184809"/>
  <nd ref="13946184808"/>
  <nd ref="13946184807"/>
  <nd ref="13946184806"/>
  <nd ref="13946184805"/>
  <nd ref="13946184804"/>
  <nd ref="13946184803"/>
  <nd ref="13946184802"/>
  <nd ref="13946184801"/>
  <nd ref="13946182000"/>
  <nd ref="13946181999"/>
  <nd ref="13946181998"/>
  <nd ref="13946181997"/>
  <nd ref="13946184821"/>
  <nd ref="13946181996"/>
  <nd ref="13946181968"/>
  <nd ref="13946181967"/>
  <nd ref="13946181995"/>
  <nd ref="13946181992"/>
  <nd ref="13946181989"/>
  <nd ref="13946181990"/>
  <nd ref="13946181991"/>
  <nd ref="13946181993"/>
  <nd ref="13946181994"/>
  <tag k="building" v="dormitory"/>
  <tag k="building:levels" v="7"/>
  <tag k="name" v="B Block"/>
 </way>
 <way id="387073732" visible="true" version="2" changeset="140797975" timestamp="2023-09-04T10:39:25Z" user="uaxx" uid="20170689">
  <nd ref="3904134263"/>
  <nd ref="3904134264"/>
  <nd ref="3904134265"/>
  <nd ref="3904134266"/>
  <nd ref="3904134263"/>
  <tag k="building" v="office"/>
 </way>
 <way id="556538990" visible="true" version="3" changeset="187420742" timestamp="2026-08-14T04:13:11Z" user="TheLNL" uid="21256080">
  <nd ref="14093702492"/>
  <nd ref="5368672183"/>
  <nd ref="5368672184"/>
  <nd ref="5368672185"/>
  <nd ref="14093702492"/>
  <tag k="amenity" v="cafe"/>
  <tag k="building" v="yes"/>
  <tag k="check_date" v="2026-08-05"/>
  <tag k="name" v="DC Bakery"/>
 </way>
 <way id="556538991" visible="true" version="1" changeset="55838330" timestamp="2018-01-28T19:08:42Z" user="Revant Mishra" uid="7540209">
  <nd ref="5368672186"/>
  <nd ref="5368672187"/>
  <nd ref="5368672188"/>
  <nd ref="5368672189"/>
  <nd ref="5368672186"/>
  <tag k="amenity" v="restaurant"/>
  <tag k="building" v="yes"/>
  <tag k="name" v="Food Court"/>
 </way>
 <way id="556538992" visible="true" version="1" changeset="55838330" timestamp="2018-01-28T19:08:42Z" user="Revant Mishra" uid="7540209">
  <nd ref="5368672190"/>
  <nd ref="5368672191"/>
  <nd ref="5368672192"/>
  <nd ref="5368672193"/>
  <nd ref="5368672190"/>
  <tag k="amenity" v="cafe"/>
  <tag k="building" v="yes"/>
  <tag k="name" v="Food Court"/>
 </way>
 <way id="556538993" visible="true" version="1" changeset="55838330" timestamp="2018-01-28T19:08:42Z" user="Revant Mishra" uid="7540209">
  <nd ref="5368672194"/>
  <nd ref="5368672195"/>
  <nd ref="5368672196"/>
  <nd ref="5368672197"/>
  <nd ref="5368672194"/>
  <tag k="amenity" v="restaurant"/>
  <tag k="building" v="yes"/>
  <tag k="name" v="Food Court"/>
 </way>
 <way id="556539028" visible="true" version="5" changeset="186238659" timestamp="2026-07-23T14:35:40Z" user="TheLNL" uid="21256080">
  <nd ref="5368673188"/>
  <nd ref="5368673197"/>
  <nd ref="14041614717"/>
  <nd ref="14041614715"/>
  <nd ref="14041614714"/>
  <nd ref="14041614716"/>
  <nd ref="5487048355"/>
  <nd ref="14041614718"/>
  <nd ref="14041614693"/>
  <nd ref="14041614692"/>
  <nd ref="14041614691"/>
  <nd ref="14041614694"/>
  <nd ref="5368673188"/>
 </way>
 <way id="556539032" visible="true" version="5" changeset="185950645" timestamp="2026-07-18T10:43:52Z" user="TheLNL" uid="21256080">
  <nd ref="5368673215"/>
  <nd ref="5368673220"/>
  <nd ref="5368673321"/>
  <nd ref="5368673322"/>
  <nd ref="5368673323"/>
  <nd ref="5368673324"/>
  <nd ref="5368673215"/>
  <tag k="amenity" v="parking"/>
  <tag k="name" v="Woodys"/>
  <tag k="parking" v="surface"/>
 </way>
 <way id="570750839" visible="true" version="2" changeset="187186729" timestamp="2026-08-09T15:42:35Z" user="TheLNL" uid="21256080">
  <nd ref="5487048339"/>
  <nd ref="5487048338"/>
  <nd ref="5487048337"/>
  <nd ref="5487048336"/>
  <tag k="highway" v="footway"/>
 </way>
 <way id="570750840" visible="true" version="1" changeset="57298676" timestamp="2018-03-18T18:59:24Z" user="adivik2000" uid="250196">
  <nd ref="5487048343"/>
  <nd ref="5487048342"/>
  <nd ref="5487048341"/>
  <nd ref="5487048340"/>
  <nd ref="5487048343"/>
  <tag k="leisure" v="pitch"/>
  <tag k="name" v="TT Volleyball Court"/>
  <tag k="sport" v="volleyball"/>
 </way>
 <way id="570750843" visible="true" version="2" changeset="70637431" timestamp="2019-05-26T17:21:04Z" user="edathy" uid="9598606">
  <nd ref="5487048359"/>
  <nd ref="5487048358"/>
  <nd ref="5487048357"/>
  <nd ref="5487048356"/>
  <nd ref="5487048359"/>
  <tag k="man_made" v="wastewater_plant"/>
 </way>
 <way id="570750845" visible="true" version="3" changeset="187186729" timestamp="2026-08-09T15:42:35Z" user="TheLNL" uid="21256080">
  <nd ref="2460222206"/>
  <nd ref="5487048368"/>
  <nd ref="5487048367"/>
  <nd ref="5487048366"/>
  <nd ref="5487048365"/>
  <nd ref="5487048364"/>
  <tag k="highway" v="footway"/>
 </way>
 <way id="570750846" visible="true" version="2" changeset="135933742" timestamp="2023-05-10T12:18:36Z" user="Lone_Muskedeer" uid="19219526">
  <nd ref="5487048371"/>
  <nd ref="5487048370"/>
  <nd ref="5487048369"/>
  <nd ref="2460222206"/>
  <tag k="highway" v="footway"/>
  <tag k="surface" v="paving_stones"/>
 </way>
 <way id="570750847" visible="true" version="2" changeset="135933742" timestamp="2023-05-10T12:18:17Z" user="Lone_Muskedeer" uid="19219526">
  <nd ref="5487048377"/>
  <nd ref="5487048376"/>
  <nd ref="5487048375"/>
  <nd ref="5487048374"/>
  <nd ref="5487048373"/>
  <nd ref="5487048372"/>
  <tag k="highway" v="footway"/>
  <tag k="surface" v="paving_stones"/>
 </way>
 <way id="570750849" visible="true" version="4" changeset="187186729" timestamp="2026-08-09T15:42:35Z" user="TheLNL" uid="21256080">
  <nd ref="5487048336"/>
  <nd ref="5487048392"/>
  <nd ref="5487048391"/>
  <nd ref="5487048387"/>
  <nd ref="14040730561"/>
  <nd ref="5487048386"/>
  <nd ref="5487048385"/>
  <nd ref="5487048384"/>
  <nd ref="5487048383"/>
  <nd ref="5487048382"/>
  <tag k="covered" v="yes"/>
  <tag k="footway" v="sidewalk"/>
  <tag k="highway" v="footway"/>
  <tag k="surface" v="paving_stones"/>
 </way>
 <way id="570750850" visible="true" version="4" changeset="185989543" timestamp="2026-07-19T05:22:10Z" user="TheLNL" uid="21256080">
  <nd ref="5487048394"/>
  <nd ref="13318878727"/>
  <nd ref="5487048395"/>
  <nd ref="5487048396"/>
  <nd ref="5487048397"/>
  <nd ref="5487048398"/>
  <nd ref="5487048399"/>
  <nd ref="5487048400"/>
  <nd ref="14025738556"/>
  <nd ref="5487048401"/>
  <nd ref="5487048405"/>
  <nd ref="5487048403"/>
  <nd ref="14025738557"/>
  <nd ref="5487048402"/>
  <tag k="covered" v="yes"/>
  <tag k="footway" v="sidewalk"/>
  <tag k="highway" v="footway"/>
  <tag k="surface" v="paving_stones"/>
 </way>
 <way id="570750852" visible="true" version="4" changeset="187420742" timestamp="2026-08-14T04:13:11Z" user="TheLNL" uid="21256080">
  <nd ref="5625452453"/>
  <nd ref="14093702547"/>
  <nd ref="14093702545"/>
  <nd ref="14093702544"/>
  <nd ref="14093702540"/>
  <nd ref="14093702541"/>
  <nd ref="14093702542"/>
  <nd ref="14093702543"/>
  <nd ref="14093702546"/>
  <nd ref="5487048420"/>
  <nd ref="5487048419"/>
  <nd ref="5487048418"/>
  <nd ref="5487048417"/>
  <nd ref="5487048416"/>
  <nd ref="5487048415"/>
  <nd ref="5625452453"/>
 </way>
 <way id="570750853" visible="true" version="3" changeset="187186729" timestamp="2026-08-09T15:42:35Z" user="TheLNL" uid="21256080">
  <nd ref="5487048368"/>
  <nd ref="5487048834"/>
  <nd ref="5487048833"/>
  <nd ref="14082415199"/>
  <nd ref="1035481767"/>
  <tag k="highway" v="footway"/>
  <tag k="surface" v="asphalt"/>
 </way>
 <way id="570750854" visible="true" version="10" changeset="187420742" timestamp="2026-08-14T04:13:11Z" user="TheLNL" uid="21256080">
  <nd ref="10945966304"/>
  <nd ref="5487048850"/>
  <nd ref="5487048849"/>
  <nd ref="14093702457"/>
  <nd ref="5487048848"/>
  <nd ref="5487048847"/>
  <nd ref="5487048846"/>
  <nd ref="10219868318"/>
  <nd ref="5487048835"/>
  <nd ref="10946063211"/>
  <nd ref="10946063210"/>
  <nd ref="5487048844"/>
  <nd ref="5487048843"/>
 </way>
 <way id="570870179" visible="true" version="5" changeset="184197941" timestamp="2026-06-16T19:45:33Z" user="TheLNL" uid="21256080">
  <nd ref="5487948698"/>
  <nd ref="5487948699"/>
  <nd ref="13946184883"/>
  <nd ref="13946184884"/>
  <nd ref="13946184882"/>
  <nd ref="13946184885"/>
  <nd ref="13946184890"/>
  <nd ref="5487948700"/>
  <nd ref="5487948701"/>
  <nd ref="5487948696"/>
  <nd ref="5487948697"/>
  <nd ref="13946184888"/>
  <nd ref="13946184887"/>
  <nd ref="13946184889"/>
  <nd ref="13946184886"/>
  <nd ref="5487948698"/>
  <tag k="addr:city" v="Vellore"/>
  <tag k="addr:landmark" v="Indian Flag Post"/>
  <tag k="addr:postcode" v="632014"/>
  <tag k="addr:street" v="Vellore Institue of Technoloy"/>
  <tag k="description" v="Kalpana Chawla Ground in VIT for casual purposes"/>
  <tag k="landuse" v="grass"/>
  <tag k="leisure" v="park"/>
  <tag k="name" v="Kalpana Chawla Ground"/>
  <tag k="name:etymology:wikidata" v="Q237879"/>
 </way>
 <way id="1095528320" visible="true" version="1" changeset="126317147" timestamp="2022-09-18T03:56:21Z" user="Arun Balaji" uid="3427745">
  <nd ref="10032723291"/>
  <nd ref="10032723288"/>
  <nd ref="10032723289"/>
  <nd ref="10032723290"/>
  <nd ref="10032723291"/>
  <tag k="building" v="yes"/>
 </way>
 <way id="1095528321" visible="true" version="1" changeset="126317147" timestamp="2022-09-18T03:56:21Z" user="Arun Balaji" uid="3427745">
  <nd ref="10032723297"/>
  <nd ref="10032723294"/>
  <nd ref="10032723292"/>
  <nd ref="10032723293"/>
  <nd ref="10032723295"/>
  <nd ref="10032723296"/>
  <nd ref="10032723297"/>
  <tag k="building" v="yes"/>
 </way>
 <way id="1095528323" visible="true" version="2" changeset="188759384" timestamp="2026-09-09T08:10:27Z" user="Yojasree" uid="24533691">
  <nd ref="10032723305"/>
  <nd ref="10032723302"/>
  <nd ref="10032723303"/>
  <nd ref="10032723304"/>
  <nd ref="10032723305"/>
  <tag k="building" v="yes"/>
  <tag k="building:levels" v="17"/>
  <tag k="name" v="H Block"/>
 </way>
 <way id="1095528324" visible="true" version="2" changeset="188759384" timestamp="2026-09-09T08:10:27Z" user="Yojasree" uid="24533691">
  <nd ref="10032723309"/>
  <nd ref="10032723308"/>
  <nd ref="10032723307"/>
  <nd ref="10032723306"/>
  <nd ref="10032723309"/>
  <tag k="building" v="yes"/>
  <tag k="building:levels" v="17"/>
  <tag k="name" v="G Block"/>
 </way>
 <way id="1117411980" visible="true" version="10" changeset="187941079" timestamp="2026-08-24T14:08:00Z" user="uknown-gryphus" uid="2425805">
  <nd ref="10219868334"/>
  <nd ref="10219868360"/>
  <nd ref="10219868358"/>
  <nd ref="10219868364"/>
  <nd ref="10219868359"/>
  <nd ref="14093702522"/>
  <nd ref="10219868366"/>
  <nd ref="10219868367"/>
  <nd ref="10219868368"/>
  <nd ref="10946008062"/>
  <nd ref="14119543254"/>
  <nd ref="10946008058"/>
  <nd ref="10219868370"/>
  <nd ref="13164955303"/>
  <nd ref="10946008057"/>
  <nd ref="13895225293"/>
  <nd ref="13895225296"/>
  <nd ref="10858550789"/>
  <nd ref="10219868369"/>
  <nd ref="10219868371"/>
  <nd ref="10219868372"/>
  <nd ref="13895225311"/>
  <nd ref="10858552419"/>
  <nd ref="10219868373"/>
  <nd ref="13895225304"/>
  <nd ref="10219868374"/>
  <nd ref="10219868375"/>
  <nd ref="1040878923"/>
  <tag k="dual_carriageway" v="yes"/>
  <tag k="highway" v="primary"/>
  <tag k="lanes" v="2"/>
  <tag k="name" v="Tiruvalam - Katpadi Road"/>
  <tag k="oneway" v="yes"/>
  <tag k="ref" v="SH59"/>
  <tag k="surface" v="asphalt"/>
 </way>
 <way id="1117411983" visible="true" version="2" changeset="184548450" timestamp="2026-06-24T21:47:19Z" user="TheLNL" uid="21256080">
  <nd ref="10219868294"/>
  <nd ref="10219868295"/>
  <nd ref="10219868296"/>
  <nd ref="10219868297"/>
  <nd ref="13963300442"/>
  <nd ref="10219868294"/>
  <tag k="amenity" v="fuel"/>
 </way>
 <way id="1117411988" visible="true" version="3" changeset="187458811" timestamp="2026-08-14T18:50:03Z" user="TheLNL" uid="21256080">
  <nd ref="5487048835"/>
  <nd ref="10219868318"/>
  <nd ref="10219868319"/>
  <nd ref="10219868320"/>
  <nd ref="5487048835"/>
  <tag k="access" v="private"/>
  <tag k="amenity" v="parking"/>
  <tag k="parking" v="surface"/>
 </way>
 <way id="1117411989" visible="true" version="2" changeset="135933557" timestamp="2023-05-10T12:30:08Z" user="Lone_Muskedeer" uid="19219526">
  <nd ref="10219868321"/>
  <nd ref="10219868322"/>
  <tag k="highway" v="service"/>
  <tag k="service" v="parking_aisle"/>
  <tag k="surface" v="asphalt"/>
 </way>
 <way id="1117411991" visible="true" version="3" changeset="135933453" timestamp="2023-05-10T12:10:57Z" user="Lone_Muskedeer" uid="19219526">
  <nd ref="10219868337"/>
  <nd ref="10219868338"/>
  <nd ref="10219868339"/>
  <nd ref="10219868340"/>
  <nd ref="10219868341"/>
  <nd ref="10219868342"/>
  <nd ref="10219868343"/>
  <nd ref="10219868344"/>
  <nd ref="10219868337"/>
  <tag k="building" v="yes"/>
  <tag k="name" v="Office of the Assistant Divisional Engineer"/>
  <tag k="office" v="government"/>
  <tag k="opening_hours" v="Mo-Sa 21:00-18:00"/>
 </way>
 <way id="1117411993" visible="true" version="3" changeset="136863016" timestamp="2023-06-02T10:54:10Z" user="Navk" uid="17769086">
  <nd ref="10219868346"/>
  <nd ref="10219868360"/>
  <nd ref="10219868348"/>
  <nd ref="10219868347"/>
  <tag k="crossing" v="marked"/>
  <tag k="crossing:markings" v="ladder"/>
  <tag k="footway" v="crossing"/>
  <tag k="highway" v="footway"/>
  <tag k="mapillary" v="1318431772083846"/>
  <tag k="surface" v="asphalt"/>
  <tag k="tactile_paving" v="no"/>
 </way>
 <way id="1117411994" visible="true" version="2" changeset="136863016" timestamp="2023-06-02T10:54:10Z" user="Navk" uid="17769086">
  <nd ref="10219868361"/>
  <nd ref="10219868364"/>
  <nd ref="10219868363"/>
  <nd ref="10219868362"/>
  <tag k="crossing" v="marked"/>
  <tag k="crossing:markings" v="ladder"/>
  <tag k="footway" v="crossing"/>
  <tag k="highway" v="footway"/>
 </way>
 <way id="1117411995" visible="true" version="10" changeset="187827004" timestamp="2026-08-22T06:28:48Z" user="uknown-gryphus" uid="2425805">
  <nd ref="1040878757"/>
  <nd ref="10946008128"/>
  <nd ref="1035469395"/>
  <nd ref="1040878934"/>
  <nd ref="11986853366"/>
  <nd ref="1035570234"/>
  <nd ref="1040878855"/>
  <nd ref="1040878777"/>
  <nd ref="1040878868"/>
  <nd ref="1040878806"/>
  <nd ref="1040878780"/>
  <nd ref="13897531414"/>
  <nd ref="1041526214"/>
  <nd ref="1040878876"/>
  <nd ref="1041527990"/>
  <nd ref="1040878794"/>
  <nd ref="1040878734"/>
  <nd ref="1040878903"/>
  <nd ref="1040878894"/>
  <nd ref="1041528837"/>
  <nd ref="1040878802"/>
  <nd ref="1041329848"/>
  <nd ref="1041330851"/>
  <nd ref="1040878756"/>
  <nd ref="1041332194"/>
  <nd ref="9974635571"/>
  <nd ref="1040878739"/>
  <nd ref="1040878901"/>
  <nd ref="10219868275"/>
  <nd ref="1040878886"/>
  <nd ref="11288398834"/>
  <nd ref="1040878700"/>
  <nd ref="1040878812"/>
  <nd ref="2186778123"/>
  <nd ref="11288398815"/>
  <nd ref="1040878902"/>
  <nd ref="11288398826"/>
  <nd ref="1040878920"/>
  <nd ref="2186778122"/>
  <nd ref="1040878947"/>
  <nd ref="1040878738"/>
  <nd ref="1040878950"/>
  <nd ref="1040878864"/>
  <nd ref="1040878862"/>
  <nd ref="1040878842"/>
  <nd ref="1040878830"/>
  <nd ref="1040878779"/>
  <nd ref="1040878872"/>
  <nd ref="12468536273"/>
  <nd ref="10219868260"/>
  <tag k="dual_carriageway" v="yes"/>
  <tag k="highway" v="primary"/>
  <tag k="lanes" v="2"/>
  <tag k="name" v="Tiruvalam - Katpadi Road"/>
  <tag k="oneway" v="yes"/>
  <tag k="ref" v="SH59"/>
  <tag k="surface" v="asphalt"/>
 </way>
 <way id="1117413504" visible="true" version="1" changeset="129405933" timestamp="2022-11-26T15:12:27Z" user="uknown-gryphus" uid="2425805">
  <nd ref="10219880122"/>
  <nd ref="10219880123"/>
  <nd ref="10219880124"/>
  <nd ref="10219880125"/>
  <nd ref="10219880122"/>
  <tag k="building" v="yes"/>
 </way>
 <way id="1117413505" visible="true" version="2" changeset="135933348" timestamp="2023-05-10T12:14:47Z" user="Lone_Muskedeer" uid="19219526">
  <nd ref="10219880126"/>
  <nd ref="10219880127"/>
  <nd ref="10219880128"/>
  <nd ref="10219880129"/>
  <nd ref="10219880126"/>
  <tag k="building" v="retail"/>
 </way>
 <way id="1117413506" visible="true" version="3" changeset="136863016" timestamp="2023-06-02T10:54:10Z" user="Navk" uid="17769086">
  <nd ref="10219868334"/>
  <nd ref="10219880131"/>
  <nd ref="10219880132"/>
  <tag k="highway" v="residential"/>
  <tag k="surface" v="dirt"/>
 </way>
 <way id="1117413510" visible="true" version="1" changeset="129405933" timestamp="2022-11-26T15:12:27Z" user="uknown-gryphus" uid="2425805">
  <nd ref="10219880152"/>
  <nd ref="10219880153"/>
  <nd ref="10219880154"/>
  <nd ref="10219880155"/>
  <nd ref="10219880156"/>
  <nd ref="10219880157"/>
  <nd ref="10219880158"/>
  <nd ref="10219880159"/>
  <nd ref="10219880160"/>
  <nd ref="10219880161"/>
  <nd ref="10219880162"/>
  <nd ref="10219880163"/>
  <nd ref="10219880164"/>
  <nd ref="10219880176"/>
  <nd ref="10219880165"/>
  <nd ref="10219880152"/>
  <tag k="area" v="yes"/>
 </way>
 <way id="1117413511" visible="true" version="1" changeset="129405933" timestamp="2022-11-26T15:12:27Z" user="uknown-gryphus" uid="2425805">
  <nd ref="10219880166"/>
  <nd ref="10219880167"/>
  <nd ref="10219880168"/>
  <nd ref="10219880169"/>
  <nd ref="10219880170"/>
  <nd ref="10219880171"/>
  <nd ref="10219880172"/>
  <nd ref="10219880173"/>
  <nd ref="10219880174"/>
  <nd ref="10219880175"/>
  <nd ref="10219880166"/>
  <tag k="area" v="yes"/>
 </way>
 <way id="1178288721" visible="true" version="9" changeset="187941079" timestamp="2026-08-24T14:08:00Z" user="uknown-gryphus" uid="2425805">
  <nd ref="10726307420"/>
  <nd ref="10726307419"/>
  <nd ref="10726307418"/>
  <nd ref="1040878909"/>
  <nd ref="1040878772"/>
  <nd ref="1040878715"/>
  <nd ref="1040878935"/>
  <nd ref="13895178895"/>
  <nd ref="1040878860"/>
  <nd ref="1040878893"/>
  <nd ref="1040878720"/>
  <nd ref="13895178900"/>
  <nd ref="1040878736"/>
  <nd ref="1040878810"/>
  <nd ref="11174394334"/>
  <nd ref="1040878754"/>
  <nd ref="10946008055"/>
  <nd ref="12841584202"/>
  <nd ref="1040878719"/>
  <nd ref="12841584195"/>
  <nd ref="10946008056"/>
  <nd ref="1040878817"/>
  <nd ref="13895225245"/>
  <nd ref="13313692445"/>
  <nd ref="10946008059"/>
  <nd ref="11973812133"/>
  <nd ref="14101476611"/>
  <nd ref="1040878904"/>
  <nd ref="1040878751"/>
  <nd ref="1040878936"/>
  <nd ref="1040878769"/>
  <nd ref="10032723279"/>
  <nd ref="1040878737"/>
  <nd ref="13895225355"/>
  <nd ref="13895225350"/>
  <nd ref="1040878809"/>
  <nd ref="1040878765"/>
  <nd ref="13895225392"/>
  <nd ref="1041159978"/>
  <nd ref="10219868363"/>
  <nd ref="13895225391"/>
  <nd ref="1040878722"/>
  <nd ref="1041161741"/>
  <nd ref="1040878837"/>
  <nd ref="1040878814"/>
  <nd ref="10946008126"/>
  <nd ref="10219868348"/>
  <nd ref="10219868334"/>
  <tag k="dual_carriageway" v="yes"/>
  <tag k="highway" v="primary"/>
  <tag k="lanes" v="2"/>
  <tag k="name" v="Tiruvalam - Katpadi Road"/>
  <tag k="oneway" v="yes"/>
  <tag k="ref" v="SH59"/>
  <tag k="surface" v="asphalt"/>
 </way>
 <way id="1178288722" visible="true" version="3" changeset="186386779" timestamp="2026-07-26T08:54:26Z" user="allan_d" uid="14442867">
  <nd ref="10219868351"/>
  <nd ref="10219868352"/>
  <nd ref="10219868353"/>
  <nd ref="10254598907"/>
  <nd ref="10219868354"/>
  <nd ref="10219868355"/>
  <nd ref="10219868356"/>
  <nd ref="13963300461"/>
  <nd ref="13963300462"/>
  <nd ref="10219868336"/>
  <nd ref="10219868357"/>
  <nd ref="10219868335"/>
  <nd ref="10946008127"/>
  <nd ref="1040878757"/>
  <tag k="highway" v="primary"/>
  <tag k="lanes" v="2"/>
  <tag k="name" v="Tiruvalam - Katpadi Road"/>
  <tag k="oneway" v="yes"/>
  <tag k="surface" v="asphalt"/>
 </way>
 <way id="1178288724" visible="true" version="4" changeset="187420742" timestamp="2026-08-14T04:13:11Z" user="TheLNL" uid="21256080">
  <nd ref="10219868334"/>
  <nd ref="1040878899"/>
  <nd ref="14093702455"/>
  <nd ref="1040878858"/>
  <nd ref="1040878740"/>
  <nd ref="1040878866"/>
  <nd ref="1040878757"/>
  <tag k="highway" v="primary"/>
  <tag k="lanes" v="2"/>
  <tag k="name" v="Tiruvalam - Katpadi Road"/>
  <tag k="ref" v="SH59"/>
  <tag k="surface" v="asphalt"/>
 </way>
 <way id="1428294704" visible="true" version="1" changeset="171688681" timestamp="2025-09-09T14:06:03Z" user="Sudharshini Manikandan" uid="23273726">
  <nd ref="13130985675"/>
  <nd ref="13130985676"/>
  <nd ref="13130985677"/>
  <nd ref="13130985678"/>
  <nd ref="13130985675"/>
  <tag k="addr:district" v="Vellore"/>
  <tag k="addr:postcode" v="632014"/>
  <tag k="building" v="commercial"/>
 </way>
 <way id="1428296785" visible="true" version="2" changeset="184548450" timestamp="2026-06-24T21:47:19Z" user="TheLNL" uid="21256080">
  <nd ref="13131033545"/>
  <nd ref="13131033546"/>
  <nd ref="13131033547"/>
  <nd ref="13131033548"/>
  <nd ref="13131033545"/>
  <tag k="amenity" v="fire_station"/>
  <tag k="building" v="fire_station"/>
 </way>
 <way id="1452295924" visible="true" version="2" changeset="174897874" timestamp="2025-11-20T09:37:15Z" user="PalMaper" uid="13262539">
  <nd ref="13318878736"/>
  <nd ref="13318878729"/>
  <nd ref="13318878730"/>
  <nd ref="13318878731"/>
  <nd ref="13318895305"/>
  <tag k="covered" v="yes"/>
  <tag k="footway" v="sidewalk"/>
  <tag k="highway" v="footway"/>
 </way>
 <way id="1452295925" visible="true" version="2" changeset="186211486" timestamp="2026-07-23T03:56:34Z" user="TheLNL" uid="21256080">
  <nd ref="5487048398"/>
  <nd ref="13318878737"/>
  <nd ref="14040730562"/>
  <nd ref="13318878736"/>
  <tag k="crossing" v="uncontrolled"/>
  <tag k="crossing:markings" v="yes"/>
  <tag k="footway" v="crossing"/>
  <tag k="highway" v="footway"/>
 </way>
 <way id="1452295926" visible="true" version="2" changeset="187420742" timestamp="2026-08-14T04:13:11Z" user="TheLNL" uid="21256080">
  <nd ref="13318878740"/>
  <nd ref="13318878741"/>
  <nd ref="13318878756"/>
  <nd ref="14093702469"/>
  <nd ref="13318878758"/>
  <nd ref="13318878742"/>
  <nd ref="13318878743"/>
  <nd ref="13318878744"/>
  <nd ref="14093702468"/>
  <nd ref="13318878745"/>
  <nd ref="13318878746"/>
  <nd ref="14093702476"/>
  <nd ref="13318878740"/>
  <tag k="footway" v="sidewalk"/>
  <tag k="highway" v="footway"/>
 </way>
 <way id="1452295927" visible="true" version="1" changeset="174897320" timestamp="2025-11-20T09:22:40Z" user="PalMaper" uid="13262539">
  <nd ref="13318878733"/>
  <nd ref="13318878747"/>
  <nd ref="13318878746"/>
  <tag k="crossing" v="uncontrolled"/>
  <tag k="crossing:markings" v="yes"/>
  <tag k="footway" v="crossing"/>
  <tag k="highway" v="footway"/>
 </way>
 <way id="1452295928" visible="true" version="4" changeset="188530974" timestamp="2026-09-04T15:20:07Z" user="TheLNL" uid="21256080">
  <nd ref="13318878748"/>
  <nd ref="14093702425"/>
  <nd ref="14093657499"/>
  <nd ref="14093702426"/>
  <nd ref="13318878749"/>
  <nd ref="13318878750"/>
  <nd ref="13318878751"/>
  <nd ref="14082441234"/>
  <nd ref="14082441233"/>
  <nd ref="13318878752"/>
  <nd ref="14148952128"/>
  <nd ref="13318878753"/>
  <nd ref="13318878754"/>
  <nd ref="13318878755"/>
  <nd ref="13318878748"/>
  <tag k="footway" v="sidewalk"/>
  <tag k="highway" v="footway"/>
 </way>
 <way id="1452295929" visible="true" version="1" changeset="174897320" timestamp="2025-11-20T09:22:40Z" user="PalMaper" uid="13262539">
  <nd ref="13318878756"/>
  <nd ref="13318878757"/>
  <nd ref="13318878755"/>
  <tag k="crossing" v="uncontrolled"/>
  <tag k="crossing:markings" v="yes"/>
  <tag k="footway" v="crossing"/>
  <tag k="highway" v="footway"/>
 </way>
 <way id="1452295930" visible="true" version="1" changeset="174897320" timestamp="2025-11-20T09:22:40Z" user="PalMaper" uid="13262539">
  <nd ref="13318878758"/>
  <nd ref="13318878759"/>
  <nd ref="13318878754"/>
  <tag k="crossing" v="uncontrolled"/>
  <tag k="crossing:markings" v="yes"/>
  <tag k="footway" v="crossing"/>
  <tag k="highway" v="footway"/>
 </way>
 <way id="1452295931" visible="true" version="1" changeset="174897320" timestamp="2025-11-20T09:22:40Z" user="PalMaper" uid="13262539">
  <nd ref="13318878734"/>
  <nd ref="13318878760"/>
  <nd ref="13318878744"/>
  <tag k="crossing" v="uncontrolled"/>
  <tag k="crossing:markings" v="yes"/>
  <tag k="footway" v="crossing"/>
  <tag k="highway" v="footway"/>
 </way>
 <way id="1452295932" visible="true" version="1" changeset="174897320" timestamp="2025-11-20T09:22:40Z" user="PalMaper" uid="13262539">
  <nd ref="5487048387"/>
  <nd ref="13318878761"/>
  <nd ref="5487048400"/>
  <tag k="crossing" v="uncontrolled"/>
  <tag k="crossing:markings" v="ladder"/>
  <tag k="footway" v="crossing"/>
  <tag k="highway" v="footway"/>
 </way>
 <way id="1452299071" visible="true" version="3" changeset="187186729" timestamp="2026-08-09T15:42:35Z" user="TheLNL" uid="21256080">
  <nd ref="13318895305"/>
  <nd ref="13318878732"/>
  <nd ref="13318878733"/>
  <nd ref="13318878734"/>
  <tag k="covered" v="no"/>
  <tag k="footway" v="sidewalk"/>
  <tag k="highway" v="footway"/>
 </way>
 <way id="1524509638" visible="true" version="1" changeset="183384353" timestamp="2026-05-30T06:09:39Z" user="TheLNL" uid="21256080">
  <nd ref="13895225364"/>
  <nd ref="13895225363"/>
  <nd ref="13895225362"/>
  <nd ref="13895225361"/>
  <nd ref="13895225359"/>
  <nd ref="13895225360"/>
  <tag k="highway" v="service"/>
  <tag k="service" v="driveway"/>
 </way>
 <way id="1527099084" visible="true" version="1" changeset="183765380" timestamp="2026-06-07T06:41:35Z" user="TheLNL" uid="21256080">
  <nd ref="13916667497"/>
  <nd ref="13916667496"/>
  <nd ref="13916667495"/>
  <nd ref="13916667494"/>
  <nd ref="13916667493"/>
  <nd ref="13916667492"/>
  <nd ref="13916667491"/>
  <nd ref="13916667490"/>
  <nd ref="13916667497"/>
 </way>
 <way id="1527099085" visible="true" version="1" changeset="183765380" timestamp="2026-06-07T06:41:35Z" user="TheLNL" uid="21256080">
  <nd ref="13916669603"/>
  <nd ref="13916669602"/>
  <nd ref="13916669601"/>
  <nd ref="13916667500"/>
  <nd ref="13916667499"/>
  <nd ref="13916667498"/>
  <nd ref="13916669603"/>
 </way>
 <way id="1527099086" visible="true" version="1" changeset="183765380" timestamp="2026-06-07T06:41:35Z" user="TheLNL" uid="21256080">
  <nd ref="13916669607"/>
  <nd ref="13916669604"/>
  <nd ref="13916669605"/>
  <nd ref="13916669606"/>
  <nd ref="13916669608"/>
  <nd ref="13916669607"/>
 </way>
 <way id="1527099087" visible="true" version="1" changeset="183765380" timestamp="2026-06-07T06:41:35Z" user="TheLNL" uid="21256080">
  <nd ref="13916669615"/>
  <nd ref="13916669610"/>
  <nd ref="13916669609"/>
  <nd ref="13916669614"/>
  <nd ref="13916669613"/>
  <nd ref="13916669612"/>
  <nd ref="13916669611"/>
  <nd ref="13916669615"/>
 </way>
 <way id="1527099088" visible="true" version="1" changeset="183765380" timestamp="2026-06-07T06:41:35Z" user="TheLNL" uid="21256080">
  <nd ref="13916669620"/>
  <nd ref="13916669619"/>
  <nd ref="13916669618"/>
  <nd ref="13916669617"/>
  <nd ref="13916669616"/>
  <nd ref="13916669620"/>
 </way>
 <way id="1527099089" visible="true" version="1" changeset="183765380" timestamp="2026-06-07T06:41:35Z" user="TheLNL" uid="21256080">
  <nd ref="13916669626"/>
  <nd ref="13916669625"/>
  <nd ref="13916669624"/>
  <nd ref="13916669623"/>
  <nd ref="13916669622"/>
  <nd ref="13916669621"/>
  <nd ref="13916669626"/>
 </way>
 <way id="1527099090" visible="true" version="1" changeset="183765380" timestamp="2026-06-07T06:41:35Z" user="TheLNL" uid="21256080">
  <nd ref="13916669636"/>
  <nd ref="13916669635"/>
  <nd ref="13916669634"/>
  <nd ref="13916669633"/>
  <nd ref="13916669629"/>
  <nd ref="13916669628"/>
  <nd ref="13916669627"/>
  <nd ref="13916669630"/>
  <nd ref="13916669632"/>
  <nd ref="13916669631"/>
  <nd ref="13916669636"/>
 </way>
 <way id="1530184785" visible="true" version="1" changeset="184197722" timestamp="2026-06-16T19:38:38Z" user="TheLNL" uid="21256080">
  <nd ref="13946181935"/>
  <nd ref="13946181934"/>
  <nd ref="13946181939"/>
  <nd ref="13946181938"/>
  <nd ref="13946181937"/>
  <nd ref="13946181936"/>
  <nd ref="13946181935"/>
  <tag k="building" v="yes"/>
 </way>
 <way id="1530184786" visible="true" version="1" changeset="184197722" timestamp="2026-06-16T19:38:38Z" user="TheLNL" uid="21256080">
  <nd ref="13946181943"/>
  <nd ref="13946181942"/>
  <nd ref="13946181941"/>
  <nd ref="13946181940"/>
  <nd ref="13946181943"/>
  <tag k="leisure" v="pitch"/>
  <tag k="sport" v="basketball"/>
 </way>
 <way id="1530184787" visible="true" version="1" changeset="184197722" timestamp="2026-06-16T19:38:38Z" user="TheLNL" uid="21256080">
  <nd ref="13946184831"/>
  <nd ref="13946184828"/>
  <nd ref="13946184829"/>
  <nd ref="13946184830"/>
  <nd ref="13946184831"/>
  <tag k="leisure" v="pitch"/>
 </way>
 <way id="1530184788" visible="true" version="1" changeset="184197722" timestamp="2026-06-16T19:38:38Z" user="TheLNL" uid="21256080">
  <nd ref="13946184835"/>
  <nd ref="13946184832"/>
  <nd ref="13946184833"/>
  <nd ref="13946184834"/>
  <nd ref="13946184835"/>
  <tag k="leisure" v="pitch"/>
 </way>
 <way id="1530184789" visible="true" version="1" changeset="184197722" timestamp="2026-06-16T19:38:38Z" user="TheLNL" uid="21256080">
  <nd ref="13946184839"/>
  <nd ref="13946184838"/>
  <nd ref="13946184837"/>
  <nd ref="13946184836"/>
  <nd ref="13946184839"/>
  <tag k="building" v="yes"/>
 </way>
 <way id="1530184790" visible="true" version="1" changeset="184197722" timestamp="2026-06-16T19:38:38Z" user="TheLNL" uid="21256080">
  <nd ref="13946184843"/>
  <nd ref="13946184844"/>
  <nd ref="13946184845"/>
  <nd ref="13946184846"/>
  <nd ref="13946184847"/>
  <nd ref="13946184848"/>
  <nd ref="13946184850"/>
  <nd ref="13946184852"/>
  <nd ref="13946184855"/>
  <nd ref="13946184854"/>
  <nd ref="13946184853"/>
  <nd ref="13946184856"/>
  <nd ref="13946184851"/>
  <nd ref="13946184849"/>
  <nd ref="13946184841"/>
  <nd ref="13946184842"/>
  <nd ref="13946184840"/>
  <nd ref="13946184843"/>
 </way>
 <way id="1530186372" visible="true" version="1" changeset="184197941" timestamp="2026-06-16T19:45:33Z" user="TheLNL" uid="21256080">
  <nd ref="1034973048"/>
  <nd ref="1034973053"/>
  <nd ref="13946184881"/>
  <nd ref="13946184880"/>
  <nd ref="13946184879"/>
  <tag k="highway" v="residential"/>
  <tag k="surface" v="asphalt"/>
 </way>
 <way id="1530312588" visible="true" version="1" changeset="184217568" timestamp="2026-06-17T09:33:53Z" user="TheLNL" uid="21256080">
  <nd ref="13947267529"/>
  <nd ref="13947267531"/>
  <nd ref="13947267580"/>
  <nd ref="13947267534"/>
  <nd ref="13947302769"/>
  <nd ref="13947302708"/>
  <nd ref="13947267529"/>
 </way>
 <way id="1530312589" visible="true" version="1" changeset="184217568" timestamp="2026-06-17T09:33:53Z" user="TheLNL" uid="21256080">
  <nd ref="13947267530"/>
  <nd ref="13947302724"/>
  <nd ref="13947302725"/>
  <nd ref="13947267533"/>
  <nd ref="13947267532"/>
  <nd ref="13947302736"/>
  <nd ref="13947302716"/>
  <nd ref="13947302729"/>
  <nd ref="13947302728"/>
  <nd ref="13947302713"/>
  <nd ref="13947302732"/>
  <nd ref="13947302733"/>
  <nd ref="13947302709"/>
  <nd ref="13947302761"/>
  <nd ref="13947302772"/>
  <nd ref="13947302760"/>
  <nd ref="13947302758"/>
  <nd ref="13947302757"/>
  <nd ref="13947302759"/>
  <nd ref="13947302770"/>
  <nd ref="13947302771"/>
  <nd ref="13947267535"/>
  <nd ref="13947267579"/>
  <nd ref="13947267530"/>
 </way>
 <way id="1530312590" visible="true" version="1" changeset="184217568" timestamp="2026-06-17T09:33:53Z" user="TheLNL" uid="21256080">
  <nd ref="13947302734"/>
  <nd ref="13947302735"/>
  <nd ref="13947302755"/>
  <nd ref="13947302750"/>
  <nd ref="13947302739"/>
  <nd ref="13947302747"/>
  <nd ref="13947302711"/>
  <nd ref="13947302737"/>
  <nd ref="13947302715"/>
  <nd ref="13947302714"/>
  <nd ref="13947267584"/>
  <nd ref="13947267582"/>
  <nd ref="13947267581"/>
  <nd ref="13947267583"/>
  <nd ref="13947302731"/>
  <nd ref="13947302730"/>
  <nd ref="13947302710"/>
  <nd ref="13947267588"/>
  <nd ref="13947267587"/>
  <nd ref="13947267589"/>
  <nd ref="13947267586"/>
  <nd ref="13947267585"/>
  <nd ref="13947302734"/>
 </way>
 <way id="1530312591" visible="true" version="1" changeset="184217568" timestamp="2026-06-17T09:33:53Z" user="TheLNL" uid="21256080">
  <nd ref="13947267596"/>
  <nd ref="13947267593"/>
  <nd ref="13947267592"/>
  <nd ref="13947267594"/>
  <nd ref="13947267591"/>
  <nd ref="13947267590"/>
  <nd ref="13947267595"/>
  <nd ref="13947267598"/>
  <nd ref="13947302707"/>
  <nd ref="13947302767"/>
  <nd ref="13947302742"/>
  <nd ref="13947302743"/>
  <nd ref="13947302704"/>
  <nd ref="13947302703"/>
  <nd ref="13947302701"/>
  <nd ref="13947267600"/>
  <nd ref="13947267599"/>
  <nd ref="13947302702"/>
  <nd ref="13947302705"/>
  <nd ref="13947302706"/>
  <nd ref="13947302712"/>
  <nd ref="13947302726"/>
  <nd ref="13947302727"/>
  <nd ref="13947302721"/>
  <nd ref="13947302720"/>
  <nd ref="13947302717"/>
  <nd ref="13947302718"/>
  <nd ref="13947302719"/>
  <nd ref="13947302722"/>
  <nd ref="13947302723"/>
  <nd ref="13947267597"/>
  <nd ref="13947267596"/>
 </way>
 <way id="1530312592" visible="true" version="1" changeset="184217568" timestamp="2026-06-17T09:33:53Z" user="TheLNL" uid="21256080">
  <nd ref="13947302740"/>
  <nd ref="13947302744"/>
  <nd ref="13947302756"/>
  <nd ref="13947302754"/>
  <nd ref="13947302752"/>
  <nd ref="13947302751"/>
  <nd ref="13947302753"/>
  <nd ref="13947302749"/>
  <nd ref="13947302738"/>
  <nd ref="13947302748"/>
  <nd ref="13947302746"/>
  <nd ref="13947302740"/>
 </way>
 <way id="1530312593" visible="true" version="1" changeset="184217568" timestamp="2026-06-17T09:33:53Z" user="TheLNL" uid="21256080">
  <nd ref="13947302745"/>
  <nd ref="13947302741"/>
  <nd ref="13947302765"/>
  <nd ref="13947302766"/>
  <nd ref="13947302768"/>
  <nd ref="13947302764"/>
  <nd ref="13947302763"/>
  <nd ref="13947302762"/>
  <nd ref="13947302745"/>
 </way>
 <way id="1532064064" visible="true" version="1" changeset="184548450" timestamp="2026-06-24T21:47:19Z" user="TheLNL" uid="21256080">
  <nd ref="13963300463"/>
  <nd ref="13963300435"/>
  <tag k="highway" v="residential"/>
 </way>
 <way id="1532064066" visible="true" version="1" changeset="184548450" timestamp="2026-06-24T21:47:19Z" user="TheLNL" uid="21256080">
  <nd ref="13963300449"/>
  <nd ref="13963300450"/>
  <nd ref="13963300465"/>
  <nd ref="1035570255"/>
  <tag k="highway" v="residential"/>
 </way>
 <way id="1532064067" visible="true" version="1" changeset="184548450" timestamp="2026-06-24T21:47:19Z" user="TheLNL" uid="21256080">
  <nd ref="13963300461"/>
  <nd ref="13963300423"/>
  <nd ref="13963300439"/>
  <nd ref="13963300462"/>
  <tag k="highway" v="service"/>
 </way>
 <way id="1532064069" visible="true" version="1" changeset="184548450" timestamp="2026-06-24T21:47:19Z" user="TheLNL" uid="21256080">
  <nd ref="13963300451"/>
  <nd ref="13963300431"/>
  <nd ref="13963300447"/>
  <nd ref="13963300456"/>
  <tag k="highway" v="residential"/>
 </way>
 <way id="1540221427" visible="true" version="1" changeset="185950645" timestamp="2026-07-18T10:43:52Z" user="TheLNL" uid="21256080">
  <nd ref="5368673215"/>
  <nd ref="14023889823"/>
  <nd ref="14023889819"/>
  <nd ref="14023889824"/>
  <nd ref="14023889821"/>
  <nd ref="14023889820"/>
  <nd ref="14023889822"/>
  <nd ref="5368673220"/>
  <nd ref="5368673215"/>
  <tag k="natural" v="wood"/>
 </way>
 <way id="1540521854" visible="true" version="4" changeset="187420742" timestamp="2026-08-14T04:13:11Z" user="TheLNL" uid="21256080">
  <nd ref="728330706"/>
  <nd ref="14041614604"/>
  <nd ref="14041614601"/>
  <nd ref="14041614603"/>
  <nd ref="14041614602"/>
  <nd ref="14041614612"/>
  <nd ref="728330707"/>
  <nd ref="14041614613"/>
  <nd ref="728330708"/>
  <nd ref="14040730563"/>
  <nd ref="14093702549"/>
  <nd ref="1034973049"/>
  <nd ref="10946016478"/>
  <nd ref="2794450032"/>
  <nd ref="1034973057"/>
  <nd ref="10219868359"/>
  <tag k="highway" v="service"/>
  <tag k="maxspeed" v="20"/>
  <tag k="maxspeed:type" v="sign"/>
  <tag k="name" v="Naipaul Avenue"/>
  <tag k="surface" v="asphalt"/>
 </way>
 <way id="1540521855" visible="true" version="1" changeset="185989543" timestamp="2026-07-19T05:22:10Z" user="TheLNL" uid="21256080">
  <nd ref="14025738550"/>
  <nd ref="14025738541"/>
  <nd ref="14025738540"/>
  <nd ref="14025738547"/>
  <nd ref="14025738539"/>
  <nd ref="14025738548"/>
  <nd ref="14025738549"/>
  <nd ref="14025738545"/>
  <nd ref="14025738544"/>
  <nd ref="14025738546"/>
  <nd ref="14025738543"/>
  <nd ref="14025738542"/>
  <nd ref="14025738551"/>
  <nd ref="14025738536"/>
  <nd ref="14025738538"/>
  <nd ref="14025738537"/>
  <nd ref="14025738535"/>
  <nd ref="14025738550"/>
  <tag k="building" v="roof"/>
  <tag k="layer" v="1"/>
 </way>
 <way id="1540521856" visible="true" version="1" changeset="185989543" timestamp="2026-07-19T05:22:10Z" user="TheLNL" uid="21256080">
  <nd ref="14025738555"/>
  <nd ref="14025738552"/>
  <nd ref="14025738553"/>
  <nd ref="14025738554"/>
  <nd ref="14025738555"/>
  <tag k="leisure" v="fitness_station"/>
 </way>
 <way id="1543133399" visible="true" version="1" changeset="186211486" timestamp="2026-07-23T03:56:34Z" user="TheLNL" uid="21256080">
  <nd ref="14040730558"/>
  <nd ref="14040730552"/>
  <nd ref="14040730551"/>
  <nd ref="14040730555"/>
  <tag k="highway" v="service"/>
 </way>
 <way id="1543133400" visible="true" version="1" changeset="186211486" timestamp="2026-07-23T03:56:34Z" user="TheLNL" uid="21256080">
  <nd ref="14040730555"/>
  <nd ref="14040730550"/>
  <nd ref="14040730553"/>
  <nd ref="14040730554"/>
  <tag k="highway" v="service"/>
 </way>
 <way id="1543133401" visible="true" version="2" changeset="187186729" timestamp="2026-08-09T15:42:35Z" user="TheLNL" uid="21256080">
  <nd ref="14040730553"/>
  <nd ref="14040730557"/>
  <nd ref="14040730568"/>
  <tag k="highway" v="service"/>
 </way>
 <way id="1543133402" visible="true" version="2" changeset="187186729" timestamp="2026-08-09T15:42:35Z" user="TheLNL" uid="21256080">
  <nd ref="1035519612"/>
  <nd ref="5487048337"/>
  <nd ref="1035519601"/>
  <tag k="highway" v="service"/>
  <tag k="name" v="Yunus Avenue"/>
 </way>
 <way id="1543133403" visible="true" version="1" changeset="186211486" timestamp="2026-07-23T03:56:34Z" user="TheLNL" uid="21256080">
  <nd ref="14040730560"/>
  <nd ref="13318878736"/>
  <tag k="covered" v="no"/>
  <tag k="footway" v="sidewalk"/>
  <tag k="highway" v="footway"/>
 </way>
 <way id="1543133405" visible="true" version="2" changeset="187186729" timestamp="2026-08-09T15:42:35Z" user="TheLNL" uid="21256080">
  <nd ref="14040730563"/>
  <nd ref="14040730562"/>
  <nd ref="14082441216"/>
  <nd ref="14040730578"/>
  <tag k="highway" v="service"/>
  <tag k="name" v="Fleming Road"/>
  <tag k="oneway" v="yes"/>
 </way>
 <way id="1543133406" visible="true" version="2" changeset="187186729" timestamp="2026-08-09T15:42:35Z" user="TheLNL" uid="21256080">
  <nd ref="14040730568"/>
  <nd ref="14040730565"/>
  <nd ref="14040730564"/>
  <nd ref="1035513586"/>
  <tag k="highway" v="service"/>
  <tag k="name" v="Fleming Road"/>
  <tag k="oneway" v="yes"/>
 </way>
 <way id="1543133407" visible="true" version="2" changeset="187186729" timestamp="2026-08-09T15:42:35Z" user="TheLNL" uid="21256080">
  <nd ref="1035513586"/>
  <nd ref="1035519616"/>
  <nd ref="3243015080"/>
  <tag k="highway" v="service"/>
  <tag k="name" v="Fleming Road"/>
  <tag k="oneway" v="yes"/>
 </way>
 <way id="1543133408" visible="true" version="2" changeset="187186729" timestamp="2026-08-09T15:42:35Z" user="TheLNL" uid="21256080">
  <nd ref="14040730574"/>
  <nd ref="14082441217"/>
  <nd ref="13318878737"/>
  <nd ref="728330708"/>
  <tag k="highway" v="service"/>
  <tag k="name" v="Fleming Road"/>
  <tag k="oneway" v="yes"/>
 </way>
 <way id="1543133409" visible="true" version="2" changeset="187186729" timestamp="2026-08-09T15:42:35Z" user="TheLNL" uid="21256080">
  <nd ref="14040730582"/>
  <nd ref="14040730567"/>
  <nd ref="14040730568"/>
  <nd ref="14040730569"/>
  <nd ref="14040730570"/>
  <nd ref="3243015080"/>
  <nd ref="14040730571"/>
  <nd ref="14040730572"/>
  <nd ref="14040730566"/>
  <nd ref="14040730573"/>
  <nd ref="14040730583"/>
  <nd ref="14040730574"/>
  <nd ref="14040730575"/>
  <nd ref="14040730576"/>
  <nd ref="14040730577"/>
  <nd ref="14040730578"/>
  <nd ref="14040730579"/>
  <nd ref="14040730580"/>
  <nd ref="14040730581"/>
  <nd ref="14040730582"/>
  <tag k="highway" v="service"/>
  <tag k="name" v="Fleming Road"/>
  <tag k="oneway" v="yes"/>
 </way>
 <way id="1543244899" visible="true" version="2" changeset="187420742" timestamp="2026-08-14T04:13:11Z" user="TheLNL" uid="21256080">
  <nd ref="14041614616"/>
  <nd ref="14041614615"/>
  <nd ref="14041614614"/>
  <nd ref="14041614613"/>
  <tag k="highway" v="service"/>
 </way>
 <way id="1543244905" visible="true" version="1" changeset="186238659" timestamp="2026-07-23T14:35:40Z" user="TheLNL" uid="21256080">
  <nd ref="14041614633"/>
  <nd ref="14041614653"/>
  <nd ref="14041614652"/>
  <nd ref="14041614681"/>
  <nd ref="14041614651"/>
  <nd ref="14041614650"/>
  <nd ref="14041614649"/>
  <nd ref="5487958582"/>
  <nd ref="14041614648"/>
  <nd ref="14041614632"/>
  <nd ref="14041614633"/>
 </way>
 <way id="1543244914" visible="true" version="1" changeset="186238659" timestamp="2026-07-23T14:35:40Z" user="TheLNL" uid="21256080">
  <nd ref="14041614690"/>
  <nd ref="14041614687"/>
  <nd ref="14041614688"/>
  <nd ref="14041614689"/>
  <nd ref="14041614690"/>
 </way>
 <way id="1543244915" visible="true" version="1" changeset="186238659" timestamp="2026-07-23T14:35:40Z" user="TheLNL" uid="21256080">
  <nd ref="14041614701"/>
  <nd ref="14041614700"/>
  <nd ref="14041614697"/>
  <nd ref="14041614696"/>
  <nd ref="14041614699"/>
  <nd ref="14041614695"/>
  <nd ref="14041614698"/>
  <nd ref="14041614701"/>
 </way>
 <way id="1543244916" visible="true" version="1" changeset="186238659" timestamp="2026-07-23T14:35:40Z" user="TheLNL" uid="21256080">
  <nd ref="14041614705"/>
  <nd ref="14041614702"/>
  <nd ref="14041614703"/>
  <nd ref="14041614704"/>
  <nd ref="14041614705"/>
 </way>
 <way id="1543244917" visible="true" version="1" changeset="186238659" timestamp="2026-07-23T14:35:40Z" user="TheLNL" uid="21256080">
  <nd ref="14041614713"/>
  <nd ref="14041614712"/>
  <nd ref="14041614709"/>
  <nd ref="14041614707"/>
  <nd ref="14041614706"/>
  <nd ref="14041614708"/>
  <nd ref="14041614711"/>
  <nd ref="14041614710"/>
  <nd ref="14041614713"/>
 </way>
 <way id="1548342970" visible="true" version="1" changeset="187186729" timestamp="2026-08-09T15:42:35Z" user="TheLNL" uid="21256080">
  <nd ref="5487048364"/>
  <nd ref="14082415199"/>
  <nd ref="5487048339"/>
  <tag k="highway" v="footway"/>
  <tag k="surface" v="asphalt"/>
 </way>
 <way id="1548342971" visible="true" version="1" changeset="187186729" timestamp="2026-08-09T15:42:35Z" user="TheLNL" uid="21256080">
  <nd ref="14082441207"/>
  <nd ref="14082441206"/>
  <nd ref="14082441205"/>
  <nd ref="14082441204"/>
  <nd ref="14082441207"/>
  <tag k="building" v="yes"/>
 </way>
 <way id="1548342973" visible="true" version="1" changeset="187186729" timestamp="2026-08-09T15:42:35Z" user="TheLNL" uid="21256080">
  <nd ref="14082441211"/>
  <nd ref="14082441208"/>
  <nd ref="14082441209"/>
  <nd ref="14082441210"/>
  <nd ref="14082441211"/>
  <tag k="building" v="yes"/>
 </way>
 <way id="1548342974" visible="true" version="1" changeset="187186729" timestamp="2026-08-09T15:42:35Z" user="TheLNL" uid="21256080">
  <nd ref="14082441215"/>
  <nd ref="14082441212"/>
  <nd ref="14082441213"/>
  <nd ref="14082441214"/>
  <nd ref="14082441215"/>
  <tag k="building" v="yes"/>
 </way>
 <way id="1548342975" visible="true" version="1" changeset="187186729" timestamp="2026-08-09T15:42:35Z" user="TheLNL" uid="21256080">
  <nd ref="5487048399"/>
  <nd ref="14082441217"/>
  <nd ref="14082441216"/>
  <nd ref="14040730560"/>
  <tag k="footway" v="crossing"/>
  <tag k="highway" v="footway"/>
 </way>
 <way id="1548342976" visible="true" version="1" changeset="187186729" timestamp="2026-08-09T15:42:35Z" user="TheLNL" uid="21256080">
  <nd ref="14082441230"/>
  <nd ref="1080143638"/>
  <nd ref="1080143635"/>
  <nd ref="14082441229"/>
  <nd ref="14082441230"/>
  <tag k="amenity" v="conference_centre"/>
  <tag k="building" v="yes"/>
  <tag k="check_date" v="2026-07-28"/>
  <tag k="name" v="Anna Auditorium"/>
  <tag k="name:etymology:wikidata" v="Q138765"/>
 </way>
 <way id="1548342977" visible="true" version="1" changeset="187186729" timestamp="2026-08-09T15:42:35Z" user="TheLNL" uid="21256080">
  <nd ref="14082441232"/>
  <nd ref="14082441235"/>
  <tag k="highway" v="service"/>
  <tag k="name" v="Fleming Road"/>
  <tag k="surface" v="asphalt"/>
 </way>
 <way id="1549529385" visible="true" version="1" changeset="187420742" timestamp="2026-08-14T04:13:11Z" user="TheLNL" uid="21256080">
  <nd ref="14093657499"/>
  <nd ref="14093657497"/>
  <nd ref="14093657498"/>
  <tag k="footway" v="crossing"/>
  <tag k="highway" v="footway"/>
 </way>
 <way id="1549529386" visible="true" version="1" changeset="187420742" timestamp="2026-08-14T04:13:11Z" user="TheLNL" uid="21256080">
  <nd ref="1035470403"/>
  <nd ref="1035469397"/>
  <tag k="highway" v="service"/>
  <tag k="service" v="parking_aisle"/>
  <tag k="surface" v="asphalt"/>
 </way>
 <way id="1549529387" visible="true" version="1" changeset="187420742" timestamp="2026-08-14T04:13:11Z" user="TheLNL" uid="21256080">
  <nd ref="14093702424"/>
  <nd ref="14093702403"/>
  <nd ref="14093702404"/>
  <nd ref="14093702402"/>
  <nd ref="14093657498"/>
  <nd ref="14093702406"/>
  <nd ref="14093702407"/>
  <nd ref="14093702423"/>
  <nd ref="14093702408"/>
  <nd ref="14093702409"/>
  <nd ref="14093702421"/>
  <nd ref="14093702420"/>
  <nd ref="14093702419"/>
  <nd ref="14093702418"/>
  <nd ref="14093702417"/>
  <nd ref="14093702416"/>
  <nd ref="14093702422"/>
  <nd ref="14093702415"/>
  <nd ref="14093702414"/>
  <nd ref="14093702413"/>
  <nd ref="14093702412"/>
  <nd ref="14093702411"/>
  <nd ref="14093702410"/>
  <nd ref="14093702401"/>
  <nd ref="14093702405"/>
  <nd ref="14093657500"/>
  <nd ref="14093702424"/>
  <tag k="highway" v="footway"/>
 </way>
 <way id="1549529388" visible="true" version="1" changeset="187420742" timestamp="2026-08-14T04:13:11Z" user="TheLNL" uid="21256080">
  <nd ref="14093702430"/>
  <nd ref="14093702426"/>
  <nd ref="14093702429"/>
  <nd ref="14093702428"/>
  <nd ref="14093702425"/>
  <nd ref="14093702427"/>
  <tag k="highway" v="service"/>
 </way>
 <way id="1549529389" visible="true" version="1" changeset="187420742" timestamp="2026-08-14T04:13:11Z" user="TheLNL" uid="21256080">
  <nd ref="1035470407"/>
  <nd ref="1035469399"/>
  <tag k="highway" v="service"/>
  <tag k="service" v="parking_aisle"/>
  <tag k="surface" v="asphalt"/>
 </way>
 <way id="1549529390" visible="true" version="1" changeset="187420742" timestamp="2026-08-14T04:13:11Z" user="TheLNL" uid="21256080">
  <nd ref="14093702449"/>
  <nd ref="13164929550"/>
  <nd ref="14093702431"/>
  <tag k="highway" v="service"/>
 </way>
 <way id="1549529391" visible="true" version="1" changeset="187420742" timestamp="2026-08-14T04:13:11Z" user="TheLNL" uid="21256080">
  <nd ref="1035519605"/>
  <nd ref="14093702447"/>
  <nd ref="14093702446"/>
  <nd ref="14093702445"/>
  <nd ref="14093702444"/>
  <nd ref="14093702443"/>
  <nd ref="14093702442"/>
  <nd ref="14093702441"/>
  <nd ref="14093702440"/>
  <nd ref="14093702449"/>
  <nd ref="14093702439"/>
  <nd ref="14093702438"/>
  <nd ref="14093702437"/>
  <nd ref="14093702436"/>
  <nd ref="14093702435"/>
  <nd ref="14093702434"/>
  <nd ref="14093702433"/>
  <nd ref="14093702432"/>
  <nd ref="14093702448"/>
  <tag k="highway" v="service"/>
  <tag k="oneway" v="yes"/>
 </way>
 <way id="1549529392" visible="true" version="1" changeset="187420742" timestamp="2026-08-14T04:13:11Z" user="TheLNL" uid="21256080">
  <nd ref="14093702454"/>
  <nd ref="14093702453"/>
  <nd ref="14093702452"/>
  <nd ref="14093702451"/>
  <nd ref="14093702454"/>
  <tag k="information" v="sign"/>
  <tag k="inscription" v="Vellore Institute of Technology"/>
  <tag k="tourism" v="information"/>
 </way>
 <way id="1549529393" visible="true" version="1" changeset="187420742" timestamp="2026-08-14T04:13:11Z" user="TheLNL" uid="21256080">
  <nd ref="1040878740"/>
  <nd ref="14093657492"/>
  <nd ref="14093702450"/>
  <nd ref="14093657491"/>
  <nd ref="14093657496"/>
  <nd ref="14093657495"/>
  <nd ref="14093702431"/>
  <nd ref="14093657494"/>
  <nd ref="14093657493"/>
  <nd ref="14093657490"/>
  <nd ref="14093657489"/>
  <nd ref="14093702456"/>
  <nd ref="14093657488"/>
  <nd ref="14093702455"/>
  <tag k="highway" v="service"/>
  <tag k="oneway" v="yes"/>
 </way>
 <way id="1549529394" visible="true" version="1" changeset="187420742" timestamp="2026-08-14T04:13:11Z" user="TheLNL" uid="21256080">
  <nd ref="14093702465"/>
  <nd ref="14093702458"/>
  <nd ref="14093702459"/>
  <nd ref="14093702460"/>
  <nd ref="14093702467"/>
  <nd ref="14093702461"/>
  <nd ref="14093702462"/>
  <nd ref="14093702466"/>
  <nd ref="14093702463"/>
  <nd ref="14093702464"/>
  <nd ref="14093702465"/>
  <tag k="landuse" v="grass"/>
 </way>
 <way id="1549529395" visible="true" version="1" changeset="187420742" timestamp="2026-08-14T04:13:11Z" user="TheLNL" uid="21256080">
  <nd ref="14093702487"/>
  <nd ref="14093702486"/>
  <nd ref="14093702485"/>
  <nd ref="14093702484"/>
  <nd ref="14093702483"/>
  <nd ref="14093702479"/>
  <nd ref="14093702478"/>
  <nd ref="14093702482"/>
  <nd ref="14093702477"/>
  <nd ref="14093702475"/>
  <nd ref="14093702474"/>
  <nd ref="14093702481"/>
  <nd ref="14093702473"/>
  <nd ref="14093702472"/>
  <nd ref="14093702480"/>
  <nd ref="14093702471"/>
  <nd ref="14093702487"/>
  <tag k="leisure" v="garden"/>
 </way>
 <way id="1549529396" visible="true" version="2" changeset="188039747" timestamp="2026-08-26T12:18:31Z" user="TheLNL" uid="21256080">
  <nd ref="14093702491"/>
  <nd ref="14093702469"/>
  <nd ref="14093702490"/>
  <nd ref="14124978218"/>
  <nd ref="14124978213"/>
  <nd ref="14093702489"/>
  <nd ref="14093702470"/>
  <nd ref="14093702468"/>
  <nd ref="14093702488"/>
  <tag k="highway" v="service"/>
 </way>
 <way id="1549529397" visible="true" version="1" changeset="187420742" timestamp="2026-08-14T04:13:11Z" user="TheLNL" uid="21256080">
  <nd ref="1034973040"/>
  <nd ref="13318878757"/>
  <nd ref="14093702491"/>
  <nd ref="13318878759"/>
  <nd ref="1035520071"/>
  <tag k="highway" v="service"/>
  <tag k="surface" v="asphalt"/>
 </way>
 <way id="1549529399" visible="true" version="2" changeset="188759384" timestamp="2026-09-09T08:10:27Z" user="Yojasree" uid="24533691">
  <nd ref="14093702529"/>
  <nd ref="14165878676"/>
  <nd ref="14093702528"/>
  <tag k="highway" v="pedestrian"/>
  <tag k="name" v="hostel road"/>
  <tag k="surface" v="concrete"/>
 </way>
 <way id="1549529400" visible="true" version="1" changeset="187420742" timestamp="2026-08-14T04:13:11Z" user="TheLNL" uid="21256080">
  <nd ref="10219868359"/>
  <nd ref="14093702534"/>
  <nd ref="14093702533"/>
  <nd ref="14093702527"/>
  <nd ref="14093702526"/>
  <nd ref="14093702525"/>
  <nd ref="14093702532"/>
  <nd ref="14093702524"/>
  <nd ref="14093702523"/>
  <nd ref="14093702528"/>
  <nd ref="14093702531"/>
  <nd ref="14093702530"/>
  <tag k="highway" v="service"/>
 </way>
 <way id="1549529401" visible="true" version="1" changeset="187420742" timestamp="2026-08-14T04:13:11Z" user="TheLNL" uid="21256080">
  <nd ref="14093702539"/>
  <nd ref="14093702536"/>
  <nd ref="14093702535"/>
  <nd ref="14093702537"/>
  <nd ref="14093702538"/>
  <nd ref="14093702539"/>
 </way>
 <way id="1549529402" visible="true" version="1" changeset="187420742" timestamp="2026-08-14T04:13:11Z" user="TheLNL" uid="21256080">
  <nd ref="14093702550"/>
  <nd ref="14093702548"/>
  <nd ref="14093702549"/>
  <tag k="highway" v="service"/>
  <tag k="service" v="parking_aisle"/>
 </way>
 <way id="1549529403" visible="true" version="1" changeset="187420742" timestamp="2026-08-14T04:13:11Z" user="TheLNL" uid="21256080">
  <nd ref="14093702519"/>
  <nd ref="14093702520"/>
  <nd ref="14093702521"/>
  <nd ref="14093702553"/>
  <nd ref="14093702552"/>
  <nd ref="14093702554"/>
  <nd ref="14093702556"/>
  <tag k="highway" v="service"/>
 </way>
 <way id="1549529404" visible="true" version="1" changeset="187420742" timestamp="2026-08-14T04:13:11Z" user="TheLNL" uid="21256080">
  <nd ref="14093702555"/>
  <nd ref="14093702550"/>
  <nd ref="14093702551"/>
  <nd ref="14093702554"/>
  <tag k="highway" v="service"/>
  <tag k="service" v="parking_aisle"/>
 </way>
 <way id="1549529405" visible="true" version="1" changeset="187420742" timestamp="2026-08-14T04:13:11Z" user="TheLNL" uid="21256080">
  <nd ref="14093702557"/>
  <nd ref="14093702548"/>
  <nd ref="14093702556"/>
  <tag k="highway" v="service"/>
  <tag k="service" v="parking_aisle"/>
 </way>
 <way id="1549529406" visible="true" version="1" changeset="187420742" timestamp="2026-08-14T04:13:11Z" user="TheLNL" uid="21256080">
  <nd ref="14093702561"/>
  <nd ref="14093702560"/>
  <nd ref="14093702559"/>
  <nd ref="14093702558"/>
  <nd ref="14093702561"/>
  <tag k="access" v="customers"/>
  <tag k="amenity" v="parking"/>
  <tag k="fee" v="no"/>
  <tag k="parking" v="surface"/>
 </way>
 <way id="1549529407" visible="true" version="1" changeset="187420742" timestamp="2026-08-14T04:13:11Z" user="TheLNL" uid="21256080">
  <nd ref="14093702570"/>
  <nd ref="14093702568"/>
  <nd ref="14093702567"/>
  <nd ref="14093702569"/>
  <nd ref="14093702566"/>
  <nd ref="14093702565"/>
  <nd ref="14093702564"/>
  <nd ref="14093702571"/>
  <nd ref="14093702563"/>
  <nd ref="14093702562"/>
  <nd ref="14093702570"/>
  <tag k="landuse" v="grass"/>
 </way>
 <way id="1549529408" visible="true" version="1" changeset="187420742" timestamp="2026-08-14T04:13:11Z" user="TheLNL" uid="21256080">
  <nd ref="14093702575"/>
  <nd ref="14093702574"/>
  <nd ref="14093702573"/>
  <nd ref="14093702572"/>
  <nd ref="14093702575"/>
  <tag k="building" v="yes"/>
 </way>
 <way id="1549529409" visible="true" version="1" changeset="187420742" timestamp="2026-08-14T04:13:11Z" user="TheLNL" uid="21256080">
  <nd ref="14093702579"/>
  <nd ref="14093702576"/>
  <nd ref="14093702577"/>
  <nd ref="14093702578"/>
  <nd ref="14093702579"/>
  <tag k="building" v="yes"/>
 </way>
 <way id="1552515791" visible="true" version="1" changeset="188039747" timestamp="2026-08-26T12:18:31Z" user="TheLNL" uid="21256080">
  <nd ref="14124978218"/>
  <nd ref="14124978217"/>
  <nd ref="14124978216"/>
  <nd ref="14124978215"/>
  <nd ref="14124978214"/>
  <nd ref="14124978213"/>
  <tag k="highway" v="footway"/>
 </way>
 <way id="1555145363" visible="true" version="1" changeset="188530974" timestamp="2026-09-04T15:20:07Z" user="TheLNL" uid="21256080">
  <nd ref="14148952116"/>
  <nd ref="14148952112"/>
  <nd ref="14148952111"/>
  <nd ref="14148952110"/>
  <nd ref="14148952116"/>
  <tag k="building" v="yes"/>
 </way>
 <way id="1555145364" visible="true" version="1" changeset="188530974" timestamp="2026-09-04T15:20:07Z" user="TheLNL" uid="21256080">
  <nd ref="14148952116"/>
  <nd ref="14148952110"/>
  <nd ref="14148952115"/>
  <nd ref="14148952114"/>
  <nd ref="14148952113"/>
  <nd ref="14148952116"/>
  <tag k="building" v="yes"/>
 </way>
 <way id="1555145365" visible="true" version="1" changeset="188530974" timestamp="2026-09-04T15:20:07Z" user="TheLNL" uid="21256080">
  <nd ref="14148952127"/>
  <nd ref="14148952124"/>
  <nd ref="14148952123"/>
  <nd ref="14148952122"/>
  <nd ref="14148952121"/>
  <nd ref="14148952125"/>
  <nd ref="14148952120"/>
  <nd ref="14148952119"/>
  <nd ref="14148952118"/>
  <nd ref="14148952117"/>
  <nd ref="14148952126"/>
  <nd ref="14148952136"/>
  <nd ref="14148952135"/>
  <nd ref="14148952134"/>
  <nd ref="14148952133"/>
  <nd ref="14148952132"/>
  <nd ref="14148952131"/>
  <nd ref="14148952130"/>
  <nd ref="14148952129"/>
  <nd ref="14148952128"/>
  <nd ref="14148952127"/>
  <tag k="landuse" v="grass"/>
 </way>
 <way id="1555145366" visible="true" version="1" changeset="188530974" timestamp="2026-09-04T15:20:07Z" user="TheLNL" uid="21256080">
  <nd ref="14148952138"/>
  <nd ref="14148952145"/>
  <nd ref="14148952146"/>
  <nd ref="14148952147"/>
  <nd ref="14148952148"/>
  <nd ref="14148952152"/>
  <nd ref="14148952149"/>
  <nd ref="14148952153"/>
  <nd ref="14148952150"/>
  <nd ref="14148952151"/>
  <nd ref="14148952154"/>
  <nd ref="14148952137"/>
  <nd ref="14148952144"/>
  <nd ref="14148952141"/>
  <nd ref="14148952140"/>
  <nd ref="14148952143"/>
  <nd ref="14148952139"/>
  <nd ref="14148952142"/>
  <nd ref="14148952138"/>
  <tag k="building" v="yes"/>
 </way>
 <way id="1557416568" visible="true" version="1" changeset="188738007" timestamp="2026-09-08T18:33:29Z" user="TheLNL" uid="21256080">
  <nd ref="14163440554"/>
  <nd ref="14163440553"/>
  <nd ref="14163440552"/>
  <nd ref="14163440550"/>
  <nd ref="14163440549"/>
  <nd ref="14163440548"/>
  <nd ref="14163440547"/>
  <nd ref="14163440546"/>
  <nd ref="14163440544"/>
  <nd ref="14163440543"/>
  <nd ref="14163440545"/>
  <nd ref="14163440551"/>
  <nd ref="14163440554"/>
  <tag k="building" v="yes"/>
 </way>
 <way id="1557416578" visible="true" version="1" changeset="188738007" timestamp="2026-09-08T18:33:29Z" user="TheLNL" uid="21256080">
  <nd ref="14163440594"/>
  <nd ref="14163440591"/>
  <nd ref="14163440592"/>
  <nd ref="14163440593"/>
  <nd ref="14163440594"/>
  <tag k="building" v="yes"/>
 </way>
 <way id="1557416579" visible="true" version="1" changeset="188738007" timestamp="2026-09-08T18:33:29Z" user="TheLNL" uid="21256080">
  <nd ref="14163440598"/>
  <nd ref="14163440595"/>
  <nd ref="14163440596"/>
  <nd ref="14163440597"/>
  <nd ref="14163440598"/>
  <tag k="building" v="yes"/>
 </way>
 <way id="1557416580" visible="true" version="1" changeset="188738007" timestamp="2026-09-08T18:33:29Z" user="TheLNL" uid="21256080">
  <nd ref="14163456702"/>
  <nd ref="14163456701"/>
  <nd ref="14163440600"/>
  <nd ref="14163440599"/>
  <nd ref="14163456702"/>
  <tag k="building" v="yes"/>
 </way>
 <way id="1557416581" visible="true" version="1" changeset="188738007" timestamp="2026-09-08T18:33:29Z" user="TheLNL" uid="21256080">
  <nd ref="14163456706"/>
  <nd ref="14163456705"/>
  <nd ref="14163456704"/>
  <nd ref="14163456703"/>
  <nd ref="14163456706"/>
  <tag k="building" v="yes"/>
 </way>
 <way id="1557416582" visible="true" version="1" changeset="188738007" timestamp="2026-09-08T18:33:29Z" user="TheLNL" uid="21256080">
  <nd ref="14163456710"/>
  <nd ref="14163456709"/>
  <nd ref="14163456708"/>
  <nd ref="14163456707"/>
  <nd ref="14163456710"/>
  <tag k="building" v="yes"/>
 </way>
 <way id="1557416583" visible="true" version="1" changeset="188738007" timestamp="2026-09-08T18:33:29Z" user="TheLNL" uid="21256080">
  <nd ref="14163456714"/>
  <nd ref="14163456711"/>
  <nd ref="14163456712"/>
  <nd ref="14163456713"/>
  <nd ref="14163456714"/>
  <tag k="building" v="yes"/>
 </way>
 <way id="1557556402" visible="true" version="1" changeset="188759384" timestamp="2026-09-09T08:10:27Z" user="Yojasree" uid="24533691">
  <nd ref="14165878668"/>
  <nd ref="14093702529"/>
  <tag k="highway" v="pedestrian"/>
  <tag k="name" v="Hostel road"/>
 </way>
 <way id="1557556403" visible="true" version="1" changeset="188759384" timestamp="2026-09-09T08:10:27Z" user="Yojasree" uid="24533691">
  <nd ref="14165878668"/>
  <nd ref="14165878669"/>
  <nd ref="14165878670"/>
  <nd ref="10032723291"/>
  <nd ref="14165878671"/>
  <nd ref="14165878672"/>
  <nd ref="14165878673"/>
  <nd ref="14093702530"/>
  <nd ref="14165878674"/>
  <nd ref="14165878675"/>
  <tag k="highway" v="pedestrian"/>
  <tag k="layer" v="1"/>
  <tag k="surface" v="concrete"/>
 </way>
 <way id="1557556404" visible="true" version="1" changeset="188759384" timestamp="2026-09-09T08:10:27Z" user="Yojasree" uid="24533691">
  <nd ref="14165878676"/>
  <nd ref="14165878673"/>
  <tag k="highway" v="pedestrian"/>
  <tag k="name" v="Hostel Road"/>
  <tag k="surface" v="concrete"/>
 </way>
 <way id="1557556405" visible="true" version="1" changeset="188759384" timestamp="2026-09-09T08:10:27Z" user="Yojasree" uid="24533691">
  <nd ref="14165878673"/>
  <nd ref="14165878676"/>
  <tag k="embankment" v="yes"/>
  <tag k="highway" v="pedestrian"/>
  <tag k="name" v="Hostel Road"/>
  <tag k="surface" v="concrete"/>
 </way>
 <way id="1557556994" visible="true" version="1" changeset="188759444" timestamp="2026-09-09T08:12:18Z" user="Yojasree" uid="24533691">
  <nd ref="14165878672"/>
  <nd ref="14165907135"/>
  <nd ref="14165878669"/>
  <tag k="highway" v="pedestrian"/>
  <tag k="name" v="Hostel Road"/>
  <tag k="surface" v="concrete"/>
 </way>
 <relation id="13932431" visible="true" version="7" changeset="187894991" timestamp="2026-08-23T15:51:56Z" user="uknown-gryphus" uid="2425805">
  <member type="way" ref="1117411973" role=""/>
  <member type="way" ref="1117411995" role=""/>
  <member type="way" ref="1178288724" role=""/>
  <member type="way" ref="1178288721" role=""/>
  <member type="way" ref="1153318750" role=""/>
  <member type="way" ref="1153318753" role=""/>
  <member type="way" ref="1153318751" role=""/>
  <member type="way" ref="1178288664" role=""/>
  <member type="way" ref="375503002" role=""/>
  <member type="way" ref="1153318748" role=""/>
  <member type="way" ref="1178288677" role=""/>
  <member type="way" ref="1178288678" role=""/>
  <member type="way" ref="1178288680" role=""/>
  <member type="way" ref="1178288681" role=""/>
  <member type="way" ref="1178288683" role=""/>
  <member type="way" ref="1178288685" role=""/>
  <member type="way" ref="1178288687" role=""/>
  <member type="way" ref="1178288696" role=""/>
  <member type="way" ref="1178288697" role=""/>
  <member type="way" ref="1178288676" role=""/>
  <member type="way" ref="1178288675" role=""/>
  <member type="way" ref="375503001" role=""/>
  <member type="way" ref="1178288699" role=""/>
  <member type="way" ref="1178288698" role=""/>
  <member type="way" ref="89802451" role=""/>
  <member type="way" ref="1178288701" role=""/>
  <member type="way" ref="1178288659" role=""/>
  <member type="way" ref="1178288660" role=""/>
  <member type="way" ref="1208216124" role=""/>
  <member type="way" ref="1208216125" role=""/>
  <member type="way" ref="1208199787" role=""/>
  <member type="way" ref="1411937246" role=""/>
  <member type="way" ref="1411937247" role=""/>
  <member type="way" ref="241271229" role=""/>
  <member type="way" ref="241271226" role=""/>
  <member type="way" ref="1041053837" role=""/>
  <member type="way" ref="1551761710" role=""/>
  <member type="way" ref="178473194" role=""/>
  <member type="way" ref="1411937231" role=""/>
  <member type="way" ref="241271225" role=""/>
  <member type="way" ref="1411937217" role=""/>
  <member type="way" ref="1411937218" role=""/>
  <member type="way" ref="527461452" role=""/>
  <member type="way" ref="527461449" role=""/>
  <member type="way" ref="527461448" role=""/>
  <member type="way" ref="22832157" role=""/>
  <member type="way" ref="527116852" role=""/>
  <member type="way" ref="1208216123" role=""/>
  <member type="way" ref="1208199788" role=""/>
  <member type="way" ref="241271227" role=""/>
  <member type="way" ref="1551761751" role=""/>
  <member type="way" ref="1551761753" role=""/>
  <member type="way" ref="241271228" role=""/>
  <tag k="name" v="State Highway 59"/>
  <tag k="network" v="IN:SH:TN"/>
  <tag k="ref" v="SH59"/>
  <tag k="route" v="road"/>
  <tag k="type" v="route"/>
 </relation>
 <relation id="14938176" visible="true" version="2" changeset="172336550" timestamp="2025-09-23T10:38:06Z" user="PalMaper" uid="13262539">
  <member type="way" ref="93128462" role="outer"/>
  <member type="way" ref="1117413510" role="inner"/>
  <member type="way" ref="1117413511" role="inner"/>
  <tag k="building" v="university"/>
  <tag k="building:levels" v="3"/>
  <tag k="name" v="Main Building"/>
  <tag k="type" v="multipolygon"/>
 </relation>
 <relation id="15731188" visible="true" version="2" changeset="183384744" timestamp="2026-05-30T06:26:18Z" user="TheLNL" uid="21256080">
  <member type="way" ref="1524511341" role=""/>
  <member type="way" ref="1524511342" role=""/>
  <member type="way" ref="89221998" role=""/>
  <tag k="name" v="Other District Road 2486"/>
  <tag k="network" v="IN:ODR:TN"/>
  <tag k="ref" v="O2486"/>
  <tag k="route" v="road"/>
  <tag k="type" v="route"/>
 </relation>
 <relation id="15931944" visible="true" version="5" changeset="186492155" timestamp="2026-07-28T01:44:50Z" user="TheLNL" uid="21256080">
  <member type="way" ref="1178288718" role="outer"/>
  <member type="way" ref="1178288709" role="outer"/>
  <member type="way" ref="1178295101" role="outer"/>
  <member type="way" ref="1178288719" role="outer"/>
  <member type="way" ref="1178288717" role="outer"/>
  <member type="way" ref="1178288716" role="outer"/>
  <member type="way" ref="1178288712" role="outer"/>
  <member type="way" ref="1178288710" role="outer"/>
  <member type="way" ref="1178288720" role="outer"/>
  <member type="way" ref="570750854" role="outer"/>
  <member type="way" ref="1178295100" role="outer"/>
  <member type="way" ref="1178289732" role="outer"/>
  <member type="way" ref="1178289731" role="outer"/>
  <member type="way" ref="1178289730" role="outer"/>
  <member type="way" ref="1178289729" role="outer"/>
  <tag k="addr:city" v="Vellore"/>
  <tag k="addr:postcode" v="632014"/>
  <tag k="alt_name" v="VIT"/>
  <tag k="amenity" v="university"/>
  <tag k="check_date" v="2026-07-28"/>
  <tag k="internet_access" v="yes"/>
  <tag k="name" v="Vellore Institute of Technology"/>
  <tag k="name:ml" v="വെല്ലൂർ സാങ്കേതികവിദ്യാ സ്ഥാപനം"/>
  <tag k="name:ta" v="வேலூர் தொழில்நுட்ப பல்கலைக்கழகம்"/>
  <tag k="phone" v="+914162243091"/>
  <tag k="type" v="multipolygon"/>
  <tag k="website" v="https://vit.ac.in"/>
  <tag k="wikidata" v="Q3298919"/>
  <tag k="wikipedia" v="en:Vellore Institute of Technology"/>
 </relation>
 <relation id="20827200" visible="true" version="1" changeset="183765380" timestamp="2026-06-07T06:41:35Z" user="TheLNL" uid="21256080">
  <member type="way" ref="93174970" role="outer"/>
  <member type="way" ref="1527099084" role="inner"/>
  <member type="way" ref="1527099090" role="inner"/>
  <member type="way" ref="1527099088" role="inner"/>
  <member type="way" ref="1527099087" role="inner"/>
  <member type="way" ref="1527099085" role="inner"/>
  <member type="way" ref="1527099089" role="inner"/>
  <member type="way" ref="1527099086" role="inner"/>
  <tag k="building" v="university"/>
  <tag k="building:levels" v="2"/>
  <tag k="name" v="Sir M Visvesvaraya Block"/>
  <tag k="short_name" v="SMV Block"/>
  <tag k="type" v="multipolygon"/>
 </relation>
 <relation id="20992887" visible="true" version="2" changeset="188759384" timestamp="2026-09-09T08:10:27Z" user="Yojasree" uid="24533691">
  <member type="way" ref="370765897" role="outer"/>
  <member type="way" ref="1530184790" role="inner"/>
  <tag k="building" v="dormitory"/>
  <tag k="building:levels" v="7"/>
  <tag k="name" v="A Block"/>
  <tag k="type" v="multipolygon"/>
 </relation>
 <relation id="20994538" visible="true" version="1" changeset="184217568" timestamp="2026-06-17T09:33:53Z" user="TheLNL" uid="21256080">
  <member type="way" ref="1530312593" role="inner"/>
  <member type="way" ref="1530312592" role="inner"/>
  <member type="way" ref="1530312590" role="inner"/>
  <member type="way" ref="1530312591" role="inner"/>
  <member type="way" ref="1530312589" role="outer"/>
  <member type="way" ref="1530312588" role="inner"/>
  <tag k="building" v="university"/>
  <tag k="building:levels" v="1"/>
  <tag k="building:name" v="GD Naidu Building"/>
  <tag k="name" v="G.D Naidu Block"/>
  <tag k="type" v="multipolygon"/>
 </relation>
 <relation id="21134207" visible="true" version="1" changeset="186238659" timestamp="2026-07-23T14:35:40Z" user="TheLNL" uid="21256080">
  <member type="way" ref="1543244905" role="outer"/>
  <member type="way" ref="570871811" role="outer"/>
  <member type="way" ref="1543244907" role="outer"/>
  <member type="way" ref="1543244906" role="outer"/>
  <tag k="leisure" v="garden"/>
  <tag k="name" v="TT Fountain Garden"/>
  <tag k="type" v="multipolygon"/>
 </relation>
 <relation id="21134208" visible="true" version="1" changeset="186238659" timestamp="2026-07-23T14:35:40Z" user="TheLNL" uid="21256080">
  <member type="way" ref="556539028" role="outer"/>
  <member type="way" ref="1543244917" role="inner"/>
  <member type="way" ref="1543244916" role="inner"/>
  <member type="way" ref="1543244915" role="inner"/>
  <member type="way" ref="1543244914" role="inner"/>
  <tag k="building" v="university"/>
  <tag k="building:levels" v="7"/>
  <tag k="layer" v="1"/>
  <tag k="name" v="Technology Tower"/>
  <tag k="type" v="multipolygon"/>
 </relation>
 <relation id="21227412" visible="true" version="1" changeset="187420742" timestamp="2026-08-14T04:13:11Z" user="TheLNL" uid="21256080">
  <member type="way" ref="570750852" role="outer"/>
  <member type="way" ref="1549529401" role="inner"/>
  <tag k="building" v="yes"/>
  <tag k="name" v="VIT Guest House"/>
  <tag k="tourism" v="guest_house"/>
  <tag k="type" v="multipolygon"/>
 </relation>
</osm>
